grapheme,ground_truth_phoneme,predicted_phoneme,model_id
absolute,ˈæbsəlˌut,/ˈæbsəluːt/,google/gemma-2-9b-it
academic,ˌækədˈɛmɪk,/ˌækəˈdɛmɪk/,google/gemma-2-9b-it
acceptance,æksˈɛptəns,/ˌækˈsɛptəns/,google/gemma-2-9b-it
accommodation,əkˌɑmədˈeɪʃən,/ˌæk.ə.məˈdeɪ.ʃən/,google/gemma-2-9b-it
accordance,əkˈɔːɹdəns,/əˈkɔɹdən(t)s/,google/gemma-2-9b-it
acronyms,ˈækɹənɪmz,/ˈækɹənɪmz/,google/gemma-2-9b-it
activist,ˈæktəvəst,/ˈæktɪvɪst/,google/gemma-2-9b-it
adaptive,ədˈæptɪv,/ədˈæptɪv/,google/gemma-2-9b-it
adhere,ədhˈɪɹ,/ədˈhɪr/,google/gemma-2-9b-it
admire,ædmˈaɪɹ,/ədˈmaɪr/,google/gemma-2-9b-it
admired,ədmˈaɪɚd,/ədˈmaɪɹd/,google/gemma-2-9b-it
advisory,ædvˈaɪzɚi,/ədˈvaɪzəri/,google/gemma-2-9b-it
afraid,əfɹˈeɪd,/əˈfrɛd/,google/gemma-2-9b-it
afro,ˈæfɹoʊ,/ˈæfroʊ/,google/gemma-2-9b-it
agnes,ˈægnɪs,/ˈædʒnɪz/,google/gemma-2-9b-it
agreement,əgɹˈiːmənt,/əˈɡɹiːmɛnt/,google/gemma-2-9b-it
alert,əlˈɚt,/əˈlɝt/,google/gemma-2-9b-it
allergic,əlˈɚdʒɪk,/əˈlɜr.dʒɪk/,google/gemma-2-9b-it
alphabet,ˈælfəbˌɛt,/ˈælˈfəbɛt/,google/gemma-2-9b-it
alps,ˈælps,/ˈɑːlpz/,google/gemma-2-9b-it
ama,ˈɑːmə,/əˈmɑː/,google/gemma-2-9b-it
amp,ˈæmp,/æmp/,google/gemma-2-9b-it
amps,ˈæmps,/æmps/,google/gemma-2-9b-it
analytical,ˌænəlˈɪtɪkəl,/ˌænəˈlɪtɪkəl/,google/gemma-2-9b-it
anchorage,ˈæŋkɚədʒ,/ˈæŋkərɪdʒ/,google/gemma-2-9b-it
answer,ˈænsɚ,/ˈænsər/,google/gemma-2-9b-it
answers,ˈænsɚz,/ˈænsərz/,google/gemma-2-9b-it
anthem,ˈænθəm,/ˈænθəm/,google/gemma-2-9b-it
anthropology,ˌænθɹəpˈɑːlədʒi,/ˌænθɹoˈpɑlədʒi/,google/gemma-2-9b-it
apologize,əpˈɑːlədʒˌaɪz,/əpəˈlo dʒaɪz/,google/gemma-2-9b-it
apparently,əpˈɛɹəntli,/əpˈɛɹəntli/,google/gemma-2-9b-it
approximately,əpɹˈɑːksəmətli,/əˌprɑːkˈsɪmətli/,google/gemma-2-9b-it
aruba,ɚˈuːbə,/ɑːˈruːbə/,google/gemma-2-9b-it
ascent,əsˈɛnt,/əˈsɛnt/,google/gemma-2-9b-it
ask,ˈæsk,/ɑsk/,google/gemma-2-9b-it
asks,ˈæsks,/ɑks/,google/gemma-2-9b-it
aspire,əspˈaɪɹ,/əˈspaɪr/,google/gemma-2-9b-it
assembly,əsˈɛmbli,/əˈsɛmbli/,google/gemma-2-9b-it
attentive,ətˈɛntɪv,/əˈtɛn tɪv/,google/gemma-2-9b-it
attitude,ˈætətˌud,/ˈætɪtjuːd/,google/gemma-2-9b-it
attract,ətɹˈækt,/əˈtrækt/,google/gemma-2-9b-it
attracted,ətɹˈæktəd,/əˈtræktid/,google/gemma-2-9b-it
auction,ˈɑːkʃən,/ˈɔkʃən/,google/gemma-2-9b-it
automobile,ˈɔːtəmoʊbˌil,/ˌɔːtəˈmoʊbɪl/,google/gemma-2-9b-it
awake,əwˈeɪk,/əˈweɪk/,google/gemma-2-9b-it
azerbaijani,ˌɑzɚbaɪdʒˈɑːni,/ˌæzərˈbaɪdʒɑːni/,google/gemma-2-9b-it
bahamas,bəhˈɑːməz,/bəˈhɑːməz/,google/gemma-2-9b-it
barber,bˈɑːɹbɚ,/ˈbɑɹbər/,google/gemma-2-9b-it
basement,bˈeɪsmənt,/ˈbeɪsmənt/,google/gemma-2-9b-it
basketball,bˈæskətbˌɔl,/ˈbɑːskɪtbɔːl/,google/gemma-2-9b-it
bathtub,bˈæθtəb,/ˈbætˌtʌb/,google/gemma-2-9b-it
baxter,bˈækstɚ,/ˈbæk.stɚ/,google/gemma-2-9b-it
beautifully,bjˈuːtəfli,/ˌbjuːˈtɪfəli/,google/gemma-2-9b-it
beauty,bjˈuːti,/ˈbjuːti/,google/gemma-2-9b-it
beaver,bˈiːvɚ,/ˈbiːvər/,google/gemma-2-9b-it
behalf,bɪhˈæf,/bɪˈhɑːlf/,google/gemma-2-9b-it
beings,bˈiːɪŋz,/ˈbiːŋz/,google/gemma-2-9b-it
belong,bɪlˈɔːŋ,/bəˈlɒŋ/,google/gemma-2-9b-it
belonged,bɪlˈɔːŋd,/bɪˈlɒŋd/,google/gemma-2-9b-it
belonging,bɪlˈɔːŋɪŋ,/bɪˈlɒŋɪŋ/,google/gemma-2-9b-it
belongs,bɪlˈɔːŋz,/bɛˈlɒŋz/,google/gemma-2-9b-it
bend,bˈɛnd,/bɛnd/,google/gemma-2-9b-it
bending,bˈɛndɪŋ,/ˈbɛndɪŋ/,google/gemma-2-9b-it
beneficial,bˌɛnəfˈɪʃəl,/bɛˈnɛfɪʃəl/,google/gemma-2-9b-it
bent,bˈɛnt,/bɛnt/,google/gemma-2-9b-it
bethany,bˈɛθəni,/bɛˈθænɪ/,google/gemma-2-9b-it
bid,bˈɪd,/bɪd/,google/gemma-2-9b-it
bidding,bˈɪdɪŋ,/ˈbɪdɪŋ/,google/gemma-2-9b-it
bids,bˈɪdz,/bɪdz/,google/gemma-2-9b-it
biker,bˈaɪkɚ,/ˈbaɪkər/,google/gemma-2-9b-it
bingo,bˈɪŋgoʊ,/ˈbɪŋɡoʊ/,google/gemma-2-9b-it
bird,bˈɚd,/bɝd/,google/gemma-2-9b-it
birds,bˈɚdz,/bɝːdz/,google/gemma-2-9b-it
blair,blˈɛɹ,/blɛər/,google/gemma-2-9b-it
blazer,blˈeɪzɚ,/ˈbleɪzər/,google/gemma-2-9b-it
blew,blˈuː,/bluː/,google/gemma-2-9b-it
bling,blˈaɪn,/blɪŋ/,google/gemma-2-9b-it
bliss,blˈɪs,/blɪs/,google/gemma-2-9b-it
blitz,blˈɪts,/blɪts/,google/gemma-2-9b-it
blow,blˈoʊ,/bloʊ/,google/gemma-2-9b-it
blown,blˈoʊn,/bləʊn/,google/gemma-2-9b-it
blows,blˈoʊz,/bləʊz/,google/gemma-2-9b-it
bondage,bˈɑːndɪdʒ,/ˈbɑndɪdʒ/,google/gemma-2-9b-it
bonus,bˈoʊnəs,/ˈboʊnəs/,google/gemma-2-9b-it
boone,bˈuːn,/ˈbuːn/,google/gemma-2-9b-it
boot,bˈuːt,/buːt/,google/gemma-2-9b-it
boots,bˈuːts,/buːts/,google/gemma-2-9b-it
bordeaux,bɔɹdˈoʊ,/bɔrˈdøʊ/,google/gemma-2-9b-it
border,bˈɔːɹdɚ,/ˈbɔːrdər/,google/gemma-2-9b-it
borders,bˈɔːɹdɚz,/ˈbɔːrdərz/,google/gemma-2-9b-it
born,bˈɔːɹn,/bɔrn/,google/gemma-2-9b-it
bottom,bˈɑːtəm,/ˈbɑtəm/,google/gemma-2-9b-it
bottoms,bˈɑːtəmz,/ˈbɑːtəmz/,google/gemma-2-9b-it
box,bˈɑːks,/bɑks/,google/gemma-2-9b-it
boxes,bˈɑːksəz,/ˈbɑksɪz/,google/gemma-2-9b-it
boxing,bˈɑːksɪŋ,/ˈbɑksɪŋ/,google/gemma-2-9b-it
brass,bɹˈæs,/bræs/,google/gemma-2-9b-it
breeze,bɹˈiːz,/bɹiːz/,google/gemma-2-9b-it
brett,bɹˈɛt,/brɛt/,google/gemma-2-9b-it
brewing,bɹˈuːɪŋ,/ˈbruːɪŋ/,google/gemma-2-9b-it
bridal,bɹˈaɪdəl,/ˈbrɪdəl/,google/gemma-2-9b-it
brigade,bɹəgˈeɪd,/bɹɪˈɡeɪd/,google/gemma-2-9b-it
brit,bɹˈɪt,/brɪt/,google/gemma-2-9b-it
broker,bɹˈoʊkɚ,/ˈbrəʊkər/,google/gemma-2-9b-it
brotherhood,bɹˈʌðɚhˌʊd,/ˈbrʌðərˌhʊd/,google/gemma-2-9b-it
brutal,bɹˈuːtəl,/ˈbrʊtəl/,google/gemma-2-9b-it
bulk,bˈʌlk,/bʊlk/,google/gemma-2-9b-it
bunny,bˈʌni,/ˈbʌni/,google/gemma-2-9b-it
burst,bˈɚst,/bɝst/,google/gemma-2-9b-it
bursting,bˈɚstɪŋ,/ˈbɝːstɪŋ/,google/gemma-2-9b-it
burundi,bɚˈʌndi,/bʊˈɹʊndi/,google/gemma-2-9b-it
businesses,bˈɪznəsəz,/ˈbɪznɪsəz/,google/gemma-2-9b-it
but,bˈʌt,/bʌt/,google/gemma-2-9b-it
by,bˈaɪ,/baɪ/,google/gemma-2-9b-it
bye,bˈaɪ,/baɪ/,google/gemma-2-9b-it
bypass,bˈaɪpˌæs,/ˈbaɪˌpæs/,google/gemma-2-9b-it
cafe,kəfˈeɪ,/ˈkafɛ/,google/gemma-2-9b-it
calculator,kˈælkjəlˌeɪtɚ,/kəˈlkyulˌeɪtər/,google/gemma-2-9b-it
calibration,kˌæləbɹˈeɪʃən,/ˌkælɪbɹeɪʃən/,google/gemma-2-9b-it
caller,kˈɔːlɚ,/ˈkɑːlər/,google/gemma-2-9b-it
calorie,kˈælɚi,/ˈkælɚi/,google/gemma-2-9b-it
cambridge,kˈeɪmbɹɪdʒ,/ˈkæmbɹɪdʒ/,google/gemma-2-9b-it
came,kˈeɪm,/keɪm/,google/gemma-2-9b-it
capital,kˈæpətəl,/ˈkæpɪtl/,google/gemma-2-9b-it
catalyst,kˈætələst,/ˈkætəlɪst/,google/gemma-2-9b-it
cautious,kˈɔːʃəs,/ˈkɔːʃəs/,google/gemma-2-9b-it
cd,sˈiːdˈiː,/siːdiː/,google/gemma-2-9b-it
cecilia,sɪsˈiːljə,/səˈsɪliə/,google/gemma-2-9b-it
centennial,sɛntˈɛniəl,/sɛnˈtɛnɪəl/,google/gemma-2-9b-it
centre,sˈɛntɚ,/ˈsɛntər/,google/gemma-2-9b-it
centres,sˈɛntɚz,/ˈsɛntərz/,google/gemma-2-9b-it
certainty,sˈɚtənti,/səˈtɜːrnɪti/,google/gemma-2-9b-it
chang,tʃˈæŋ,/tʃɑŋ/,google/gemma-2-9b-it
characteristic,kˌɛɹəktɚˈɪstɪk,/ˌkærəktərˈɪstɪk/,google/gemma-2-9b-it
chat,tʃˈæt,/tʃæt/,google/gemma-2-9b-it
chats,tʃˈæts,/tʃæts/,google/gemma-2-9b-it
chatting,tʃˈætɪŋ,/ˈtʃætɪŋ/,google/gemma-2-9b-it
cheat,tʃˈiːt,/tʃiːt/,google/gemma-2-9b-it
cheating,tʃˈiːtɪŋ,/ˈtʃiːtɪŋ/,google/gemma-2-9b-it
cheats,tʃˈiːts,/tʃiːts/,google/gemma-2-9b-it
chef,ʃˈɛf,/ʃɛf/,google/gemma-2-9b-it
chest,tʃˈɛst,/tʃɛst/,google/gemma-2-9b-it
chests,tʃˈɛsts,/tʃɛsts/,google/gemma-2-9b-it
chevron,ʃˈɛvɹən,/ˈtʃɛvrən/,google/gemma-2-9b-it
chic,ʃˈiːk,/ʃɪk/,google/gemma-2-9b-it
chicken,tʃˈɪkən,/ˈtʃɪkən/,google/gemma-2-9b-it
chickens,tʃˈɪkənz,/ˈtʃɪkənz/,google/gemma-2-9b-it
chrome,kɹˈoʊm,/kroʊm/,google/gemma-2-9b-it
clash,klˈæʃ,/klæʃ/,google/gemma-2-9b-it
clearance,klˈɪɹəns,/ˈklɪərəns/,google/gemma-2-9b-it
climax,klˈaɪmˌæks,/ˈklaɪmæks/,google/gemma-2-9b-it
clinton,klˈɪntən,/ˈklɪntən/,google/gemma-2-9b-it
cloves,klˈoʊvz,/kləʊvz/,google/gemma-2-9b-it
clutter,klˈʌtɚ,/ˈklʌtər/,google/gemma-2-9b-it
coalition,kˌoʊəlˈɪʃən,/koʊˈliʃən/,google/gemma-2-9b-it
code,kˈoʊd,/koʊd/,google/gemma-2-9b-it
codes,kˈoʊdz,/koʊdz/,google/gemma-2-9b-it
col,kˈoʊl,/kɑl/,google/gemma-2-9b-it
cole,kˈoʊl,/koʊl/,google/gemma-2-9b-it
colleague,kˈɑːlig,/ˈkɒlɪɡ/,google/gemma-2-9b-it
colleagues,kˈɑːligz,/kəˈliːɡz/,google/gemma-2-9b-it
collected,kəlˈɛktəd,/kəˈlɛktɪd/,google/gemma-2-9b-it
collecting,kəlˈɛktɪŋ,/kəˈlɛktɪŋ/,google/gemma-2-9b-it
color,kˈʌlɚ,/ˈkɑːlər/,google/gemma-2-9b-it
colored,kˈʌlɚd,/ˈkʌlərɪd/,google/gemma-2-9b-it
colors,kˈʌlɚz,/ˈkʌlər z/,google/gemma-2-9b-it
comeback,kˈʌmbˌæk,/ˈkʌmˌbæk/,google/gemma-2-9b-it
comet,kˈɑːmət,/ˈkɑːmɪt/,google/gemma-2-9b-it
comfy,kˈʌmfi,/ˈkʌmfi/,google/gemma-2-9b-it
commerce,kˈɑːmɚs,/ˈkɔmɜrs/,google/gemma-2-9b-it
commonly,kˈɑːmənli,/ˈkɑmənli/,google/gemma-2-9b-it
commute,kəmjˈuːt,/kəˈmjuːt/,google/gemma-2-9b-it
comp,kˈɑːmp,/kəm/,google/gemma-2-9b-it
compartment,kəmpˈɑːɹtmənt,/kəmˈpɑɹtmənt/,google/gemma-2-9b-it
complaints,kəmplˈeɪnts,/kəmˈpleɪnts/,google/gemma-2-9b-it
completely,kəmplˈiːtli,/kəmˈpliːtli/,google/gemma-2-9b-it
compute,kəmpjˈuːt,/kəmˈpjut/,google/gemma-2-9b-it
computing,kəmpjˈuːtɪŋ,/kəmˈpjutɪŋ/,google/gemma-2-9b-it
con,kˈɑːn,/kɑn/,google/gemma-2-9b-it
conclude,kənklˈuːd,/kənˈkluːd/,google/gemma-2-9b-it
concluded,kənklˈuːdəd,/kənˈkluːdɪd/,google/gemma-2-9b-it
concludes,kənklˈuːdz,/kənˈkluːdz/,google/gemma-2-9b-it
condominium,kˌɑndəmˈɪniəm,/ˌkɑːn.dəˈmɪn.i.əm/,google/gemma-2-9b-it
confession,kənfˈɛʃən,/kənˈfɛʃən/,google/gemma-2-9b-it
confetti,kənfˈɛti,/kənˈfɛti/,google/gemma-2-9b-it
configure,kənfˈɪgjɚ,/kənˈfɪɡjʊr/,google/gemma-2-9b-it
connections,kənˈɛkʃənz,/kəˈnɛkʃənz/,google/gemma-2-9b-it
consent,kənsˈɛnt,/kənˈsɛnt/,google/gemma-2-9b-it
consider,kənsˈɪdɚ,/kənˈsɪdər/,google/gemma-2-9b-it
consideration,kənsˌɪdɚˈeɪʃən,/kənˌsɪdərˈeɪʃən/,google/gemma-2-9b-it
consideration,kənsˌɪdɚˈeɪʃən,/kənˌsɪdərˈeɪʃən/,google/gemma-2-9b-it
considered,kənsˈɪdɚd,/kənˈsɪdərɪd/,google/gemma-2-9b-it
considering,kənsˈɪdɚɪŋ,/kənˈsɪdərɪŋ/,google/gemma-2-9b-it
considers,kənsˈɪdɚz,/kənˈsɪdərz/,google/gemma-2-9b-it
constitute,kˈɑːnstətˌut,/kənˈstɪtjuːt/,google/gemma-2-9b-it
constitutes,kˈɑːnstətˌuts,/kənˈstɪtjuːts/,google/gemma-2-9b-it
consumption,kənsˈʌmpʃən,/kənˈsʌmpʃən/,google/gemma-2-9b-it
contingent,kəntˈɪndʒənt,/kənˈtɪndʒənt/,google/gemma-2-9b-it
continuously,kəntˈɪnjuəsli,/ˌkɑːntɪˈnjuːəsli/,google/gemma-2-9b-it
continuum,kəntˈɪnjuəm,/kənˈtɪnjuːm/,google/gemma-2-9b-it
controller,kəntɹˈoʊlɚ,/kənˈtɹoʊlər/,google/gemma-2-9b-it
converted,kənvˈɚtɪd,/kənˈvɝːtɪd/,google/gemma-2-9b-it
convince,kənvˈɪns,/kənˈvɪns/,google/gemma-2-9b-it
convinced,kənvˈɪnst,/kənˈvɪnst/,google/gemma-2-9b-it
convincing,kənvˈɪnsɪŋ,/kənˈvɪnsɪŋ/,google/gemma-2-9b-it
cookbook,kˈʊkbˌʊk,/ˈkʊkˌbʊk/,google/gemma-2-9b-it
cooker,kˈʊkɚ,/ˈkʊkər/,google/gemma-2-9b-it
cookies,kˈʊkiz,/ˈkʊkiːz/,google/gemma-2-9b-it
cor,kˈɔːɹ,/kɔɹ/,google/gemma-2-9b-it
corrections,kɚˈɛkʃənz,/kəˈrɛkʃənz/,google/gemma-2-9b-it
correspondent,kˌɔɹəspˈɑːndənt,/ˌkɔrəˈspɒndənt/,google/gemma-2-9b-it
corruption,kɚˈʌpʃən,/kɔrˈʌpʃən/,google/gemma-2-9b-it
cosy,kˈoʊzi,/ˈkoʊzi/,google/gemma-2-9b-it
cougar,kˈuːgɚ,/ˈkuːɡər/,google/gemma-2-9b-it
counter,kˈaʊntɚ,/ˈkaʊntər/,google/gemma-2-9b-it
countries,kˈʌntɹiz,/ˈkʌntriːz/,google/gemma-2-9b-it
courses,kˈɔːɹsəz,/ˈkɔːrsɪz/,google/gemma-2-9b-it
courteous,kˈɚtiəs,/ˈkɝːtɪəs/,google/gemma-2-9b-it
cpu,kˈuː,/siːpjuː/,google/gemma-2-9b-it
cradle,kɹˈeɪdəl,/ˈkrædəl/,google/gemma-2-9b-it
crash,kɹˈæʃ,/kræʃ/,google/gemma-2-9b-it
crashed,kɹˈæʃt,/ˈkræʃt/,google/gemma-2-9b-it
crashes,kɹˈæʃɪz,/ˈkræʃəz/,google/gemma-2-9b-it
crashing,kɹˈæʃɪŋ,/ˈkræʃɪŋ/,google/gemma-2-9b-it
crazy,kɹˈeɪzi,/ˈkreɪzi/,google/gemma-2-9b-it
creamy,kɹˈiːmi,/ˈkriːmi/,google/gemma-2-9b-it
creed,kɹˈiːd,/kriːd/,google/gemma-2-9b-it
creep,kɹˈiːp,/kriːp/,google/gemma-2-9b-it
crest,kɹˈɛst,/kɹɛst/,google/gemma-2-9b-it
crib,kɹˈɪb,/krɪb/,google/gemma-2-9b-it
cricket,kɹˈɪkət,/ˈkrɪkɪt/,google/gemma-2-9b-it
criminal,kɹˈɪmənəl,/ˈkrɪmɪnəl/,google/gemma-2-9b-it
croatian,kɹoʊˈeɪʃən,/kroʊˈeɪʃən/,google/gemma-2-9b-it
crochet,kɹoʊʃˈeɪ,/kroʊˈʃɛt/,google/gemma-2-9b-it
crush,kɹˈʌʃ,/krʌʃ/,google/gemma-2-9b-it
crushed,kɹˈʌʃt,/ˈkrʌʃt/,google/gemma-2-9b-it
crushing,kɹˈʌʃɪŋ,/ˈkrʊʃɪŋ/,google/gemma-2-9b-it
cubic,kjˈuːbɪk,/ˈkjuːbɪk/,google/gemma-2-9b-it
cuisine,kwɪzˈiːn,/kwiːˈziːn/,google/gemma-2-9b-it
cumming,kˈʌmɪŋ,/ˈkʌmɪŋ/,google/gemma-2-9b-it
custody,kˈʌstədi,/ˈkʌstədi/,google/gemma-2-9b-it
customer,kˈʌstəmɚ,/ˈkʌstəməɹ/,google/gemma-2-9b-it
customers,kˈʌstəmɚz,/ˈkʌstəmərz/,google/gemma-2-9b-it
cutter,kˈʌtɚ,/ˈkʌtər/,google/gemma-2-9b-it
cylinder,sˈɪləndɚ,/ˈsɪlɪndər/,google/gemma-2-9b-it
dame,dˈeɪm,/deɪm/,google/gemma-2-9b-it
dare,dˈɛɹ,/dɛɹ/,google/gemma-2-9b-it
death,dˈɛθ,/dɛθ/,google/gemma-2-9b-it
debit,dˈɛbɪt,/ˈdɛbɪt/,google/gemma-2-9b-it
debut,deɪbjˈuː,/dɪˈbuːt/,google/gemma-2-9b-it
debuts,dˈeɪbjuz,/dɪˈbjuːts/,google/gemma-2-9b-it
decay,dəkˈeɪ,/dɪˈkeɪ/,google/gemma-2-9b-it
decide,dɪsˈaɪd,/dɪˈsaɪd/,google/gemma-2-9b-it
deciding,dəsˈaɪdɪŋ,/dɪˈsaɪdɪŋ/,google/gemma-2-9b-it
delaware,dˈɛləwˌɛɹ,/dɪˈlɛwɛɹ/,google/gemma-2-9b-it
deli,dˈɛli,/ˈdɛli/,google/gemma-2-9b-it
deliver,dɪlˈɪvɚ,/dɪˈlɪvər/,google/gemma-2-9b-it
delivered,dɪlˈɪvɚd,/dɪˈlɪvərd/,google/gemma-2-9b-it
delta,dˈɛltə,/ˈdɛltə/,google/gemma-2-9b-it
demo,dˈɛmoʊ,/ˈdiːmoʊ/,google/gemma-2-9b-it
democratic,dˌɛməkɹˈætɪk,/ˌdɛm.əˈkrætɪk/,google/gemma-2-9b-it
demos,dˈɛmˌoʊz,/ˈdiːmoʊs/,google/gemma-2-9b-it
denver,dˈɛnvɚ,/ˈdɛn.vər/,google/gemma-2-9b-it
depression,dɪpɹˈɛʃən,/dɪˈprɛʃən/,google/gemma-2-9b-it
derry,dˈɛɹi,/ˈdɛɹi/,google/gemma-2-9b-it
design,dɪzˈaɪn,/dɪˈzaɪn/,google/gemma-2-9b-it
designed,dɪzˈaɪnd,/dɪˈzaɪnd/,google/gemma-2-9b-it
designs,dɪzˈaɪnz,/dɪˈzɑɪnz/,google/gemma-2-9b-it
dessert,dɪzˈɚt,/dɪˈzɝt/,google/gemma-2-9b-it
determine,dətˈɚmən,/dɪˈtɜːrmɪn/,google/gemma-2-9b-it
determined,dɪtˈɚmənd,/dɪˈtɜːrmɪnd/,google/gemma-2-9b-it
devotional,dɪvˈoʊʃənəl,/dɪˈvoʊʃənəl/,google/gemma-2-9b-it
differentiate,dˌɪfɚˈɛnʃiˌeɪt,/ˌdɪfərənˈʃieɪt/,google/gemma-2-9b-it
dirty,dˈɚti,/ˈdɜr.ti/,google/gemma-2-9b-it
disc,dˈɪsk,/dɪsk/,google/gemma-2-9b-it
disciplinary,dˈɪsəplənˌɛɹi,/ˌdɪsɪpəlˈɪnɛri/,google/gemma-2-9b-it
discoveries,dɪskˈʌvɚiz,/dɪˈskʌvərɪz/,google/gemma-2-9b-it
discreet,dɪskɹˈiːt,/dɪˈskrit/,google/gemma-2-9b-it
discussion,dɪskˈʌʃən,/dɪˈskʌʃən/,google/gemma-2-9b-it
disney,dˈɪzni,/ˈdɪzni/,google/gemma-2-9b-it
disneyland,dˈɪznilˌænd,/dɪzˈniːlænd/,google/gemma-2-9b-it
dispose,dɪspˈoʊz,/dɪˈspoʊz/,google/gemma-2-9b-it
disruption,dɪsɹˈʌpʃən,/dɪsˈɹʌpʃən/,google/gemma-2-9b-it
distinctive,dɪstˈɪŋktɪv,/dɪˈstɪŋktɪv/,google/gemma-2-9b-it
distinguish,dɪstˈɪŋgwɪʃ,/dɪˈstɪŋɡwɪʃ/,google/gemma-2-9b-it
distinguished,dɪstˈɪŋgwɪʃt,/dɪˈstɪŋɡwɪʃt/,google/gemma-2-9b-it
dna,dˈiːˌɛnˈeɪ,/diːˈenə/,google/gemma-2-9b-it
doubt,dˈaʊt,/daʊt/,google/gemma-2-9b-it
doubts,dˈaʊts,/daʊts/,google/gemma-2-9b-it
dough,dˈoʊ,/doʊ/,google/gemma-2-9b-it
dozen,dˈʌzən,/ˈdoʊzn/,google/gemma-2-9b-it
dramatic,dɹəmˈætɪk,/drəˈmætɪk/,google/gemma-2-9b-it
dug,dˈʌg,/dʌɡ/,google/gemma-2-9b-it
duke,dˈuːk,/dʒuːk/,google/gemma-2-9b-it
dummies,dˈʌmiz,/ˈdʌmɪz/,google/gemma-2-9b-it
dummy,dˈʌmi,/ˈdʌmi/,google/gemma-2-9b-it
dunk,dˈʌŋk,/dʌŋk/,google/gemma-2-9b-it
duplication,djˌupləkˈeɪʃən,/ˌdjuːplɪˈkeɪʃən/,google/gemma-2-9b-it
dust,dˈʌst,/dʌst/,google/gemma-2-9b-it
dwarf,dwˈɔːɹf,/dɔːɹf/,google/gemma-2-9b-it
dynasty,dˈaɪnəsti,/ˈdɪnəsti/,google/gemma-2-9b-it
earn,ˈɚn,/ɝn/,google/gemma-2-9b-it
earned,ˈɚnd,/ɝnd/,google/gemma-2-9b-it
earns,ˈɚnz,/ɝnz/,google/gemma-2-9b-it
easton,ˈiːstən,/ˈiːstən/,google/gemma-2-9b-it
ecological,ikəlˈɑːdʒɪkəl,/ˌiːkoʊˈlɒdʒɪkəl/,google/gemma-2-9b-it
ecuador,ˈɛkwədˌɔɹ,/ˌɛkwəˈdɔr/,google/gemma-2-9b-it
edgar,ˈɛdgɚ,/ˈɛdɡər/,google/gemma-2-9b-it
eileen,aɪlˈiːn,/iˈliːn/,google/gemma-2-9b-it
elder,ˈɛldɚ,/ˈɛldər/,google/gemma-2-9b-it
elderly,ˈɛldɚli,/ˈɛldərli/,google/gemma-2-9b-it
elders,ˈɛldɚz,/ˈɛldərz/,google/gemma-2-9b-it
election,ɪlˈɛkʃən,/ɪˈlɛkʃən/,google/gemma-2-9b-it
electrical,ɪlˈɛktɹɪkəl,/ˌɪlɛkˈtɹɪkəl/,google/gemma-2-9b-it
elm,ˈɛlm,/ɛlm/,google/gemma-2-9b-it
elusive,ɪlˈuːsɪv,/ɪˈluːsɪv/,google/gemma-2-9b-it
emerald,ˈɛmɹəld,/ˈɛmərəld/,google/gemma-2-9b-it
engagement,ɛngˈeɪdʒmənt,/ɪnˈɡeɪdʒmənt/,google/gemma-2-9b-it
enhance,ɛnhˈæns,/ɪnˈhɑːns/,google/gemma-2-9b-it
enthusiastic,ɪnθˌuziˈæstɪk,/ˌɛnθuːˈziæstɪk/,google/gemma-2-9b-it
enzyme,ˈɛnzˌaɪm,/ˈɛnzaɪm/,google/gemma-2-9b-it
equally,ˈiːkwəli,/ˈekwəli/,google/gemma-2-9b-it
equip,ɪkwˈɪp,/ɪˈkwɪp/,google/gemma-2-9b-it
equipped,ɪkwˈɪpt,/ɪˈkwɪpt/,google/gemma-2-9b-it
erin,ˈɛɹɪn,/ˈɛɹɪn/,google/gemma-2-9b-it
erosion,ɪɹˈoʊʒən,/ɪˈroʊʒən/,google/gemma-2-9b-it
essentially,ɪsˈɛnʃəli,/ɪˈsɛnʃəli/,google/gemma-2-9b-it
estate,ɪstˈeɪt,/ɪˈsteɪt/,google/gemma-2-9b-it
estimation,ˌɛstəmˈeɪʃən,/ˌɛstɪˈmeɪʃən/,google/gemma-2-9b-it
estonia,ɛstˈoʊniə,/ɛˈstəniə/,google/gemma-2-9b-it
europa,jʊɹˈoʊpə,/jʊˈroʊpə/,google/gemma-2-9b-it
examined,ɪgzˈæmənd,/ɪgˈzæmɪnd/,google/gemma-2-9b-it
examining,ɪgzˈæmɪnɪŋ,/ɪgˈzæmɪnɪŋ/,google/gemma-2-9b-it
exceed,ɪksˈiːd,/ɪkˈsiːd/,google/gemma-2-9b-it
exceeding,ɪksˈiːdɪŋ,/ɪkˈsiːdɪŋ/,google/gemma-2-9b-it
excel,ɪksˈɛl,/ˈɛksəl/,google/gemma-2-9b-it
exceptions,ɪksˈɛpʃənz,/ɛkˈsɛpʃənz/,google/gemma-2-9b-it
excited,ɪksˈaɪtəd,/ɪkˈsaɪtɪd/,google/gemma-2-9b-it
exciting,ɪksˈaɪtɪŋ,/ɪkˈsaɪtɪŋ/,google/gemma-2-9b-it
expansive,ɪkspˈænsɪv,/ɪkˈspænsiv/,google/gemma-2-9b-it
expectation,ˌɛkspɛktˈeɪʃən,/ˌɛkspɛkˈteɪʃən/,google/gemma-2-9b-it
experiential,ɛkspˌɛɹiˈɛnʃəl,/ˌɛkspɪˈɹiɛnʃl/,google/gemma-2-9b-it
explained,ɪksplˈeɪnd,/ɪkˈspleɪnd/,google/gemma-2-9b-it
exploration,ˌɛksplɚˈeɪʃən,/ˌɛksplorˈeɪʃən/,google/gemma-2-9b-it
expressive,ɪkspɹˈɛsɪv,/ɪkˈspɹɛsɪv/,google/gemma-2-9b-it
extras,ˈɛkstɹəz,/ˈɛkstrəz/,google/gemma-2-9b-it
eyebrows,ˈaɪbɹˌaʊz,/ˈaɪbrəʊz/,google/gemma-2-9b-it
fa,fˈɑː,/fɑː/,google/gemma-2-9b-it
facial,fˈeɪʃəl,/ˈfeɪʃəl/,google/gemma-2-9b-it
fandom,fˈændəm,/ˈfænˌdəm/,google/gemma-2-9b-it
father,fˈɑːðɚ,/ˈfɑːðər/,google/gemma-2-9b-it
fathers,fˈɑːðɚz,/ˈfɑːðərz/,google/gemma-2-9b-it
fed,fˈɛd,/fɛd/,google/gemma-2-9b-it
feeding,fˈiːdɪŋ,/ˈfiːdɪŋ/,google/gemma-2-9b-it
fictional,fˈɪkʃənəl,/fɪkˈʃənəl/,google/gemma-2-9b-it
fifty,fˈɪfti,/ˈfɪfti/,google/gemma-2-9b-it
filler,fˈɪlɚ,/ˈfɪlər/,google/gemma-2-9b-it
fin,fˈɪn,/fɪn/,google/gemma-2-9b-it
final,fˈaɪnəl,/ˈfaɪnəl/,google/gemma-2-9b-it
firm,fˈɚm,/fɝrm/,google/gemma-2-9b-it
firstly,fˈɚstli,/ˈfɜːrstli/,google/gemma-2-9b-it
fitness,fˈɪtnəs,/ˈfɪtnəs/,google/gemma-2-9b-it
flawless,flˈɔːləs,/ˈflɔːləs/,google/gemma-2-9b-it
flint,flˈɪnt,/flɪnt/,google/gemma-2-9b-it
foolish,fˈuːlɪʃ,/ˈfʊlɪʃ/,google/gemma-2-9b-it
formation,fɔɹmˈeɪʃən,/fɔrˈmeɪʃən/,google/gemma-2-9b-it
fraction,fɹˈækʃən,/ˈfrækʃən/,google/gemma-2-9b-it
frances,fɹˈænsɪs,/ˈfræn.sɪs/,google/gemma-2-9b-it
frederick,fɹˈɛdɹɪk,/ˈfrɛdərɪk/,google/gemma-2-9b-it
freshman,fɹˈɛʃmən,/ˈfɹɛʃmən/,google/gemma-2-9b-it
frost,fɹˈɔːst,/frɔst/,google/gemma-2-9b-it
frustration,fɹəstɹˈeɪʃən,/frʌˈstreɪʃən/,google/gemma-2-9b-it
fullest,fˈʊləst,/ˈfʊlɪst/,google/gemma-2-9b-it
furnished,fˈɚnɪʃt,/ˈfɝnɪʃt/,google/gemma-2-9b-it
fuse,fjˈuːz,/fjuːz/,google/gemma-2-9b-it
fuses,fjˈuːzəz,/ˈfjuːzɪz/,google/gemma-2-9b-it
fyi,fˈaɪ,/ˌaɪ ˈfaɪˈaɪ/,google/gemma-2-9b-it
gaga,gˈeɪgə,/ˈɡɑːɡɑː/,google/gemma-2-9b-it
galore,gəlˈɔːɹ,/ˈɡælɔɹ/,google/gemma-2-9b-it
game,gˈeɪm,/ɡeɪm/,google/gemma-2-9b-it
games,gˈeɪmz,/ɡeɪmz/,google/gemma-2-9b-it
gaming,gˈeɪmɪŋ,/ˈɡeɪmɪŋ/,google/gemma-2-9b-it
gaping,gˈeɪpɪŋ,/ˈɡeɪpɪŋ/,google/gemma-2-9b-it
genre,ʒˈɑːnɹə,/ˈʒɛnr/,google/gemma-2-9b-it
ghetto,gˈɛtoʊ,/ˈɡɛtoʊ/,google/gemma-2-9b-it
gift,gˈɪft,/ɡɪft/,google/gemma-2-9b-it
gifted,gˈɪftəd,/ˈɡɪftɪd/,google/gemma-2-9b-it
gifting,gˈɪftɪŋ,/ˈɡɪftɪŋ/,google/gemma-2-9b-it
gifts,gˈɪfts,/ɡɪfts/,google/gemma-2-9b-it
gingerbread,dʒˈɪndʒɚbɹˌɛd,/ˈdʒɪŋərˌbrɛd/,google/gemma-2-9b-it
girls,gˈɚlz,/ɡɝlz/,google/gemma-2-9b-it
glaze,glˈeɪz,/ɡleɪz/,google/gemma-2-9b-it
glazed,glˈeɪzd,/ɡleɪzd/,google/gemma-2-9b-it
glazing,glˈeɪzɪŋ,/ˈɡlæzɪŋ/,google/gemma-2-9b-it
glimpse,glˈɪmps,/ɡlɪmps/,google/gemma-2-9b-it
global,glˈoʊbəl,/ˈɡloʊbəl/,google/gemma-2-9b-it
glory,glˈɔːɹi,/ˈɡlɔːɹi/,google/gemma-2-9b-it
gotta,gˈɑːtə,/ˈɡɑtə/,google/gemma-2-9b-it
gov,gˈʌv,/ɡʌv/,google/gemma-2-9b-it
governments,gˈʌvɚmənts,/ˈɡʌvənmənts/,google/gemma-2-9b-it
grace,gɹˈeɪs,/ɡreɪs/,google/gemma-2-9b-it
greatest,gɹˈeɪtəst,/ˈɡriːtɪst/,google/gemma-2-9b-it
greatly,gɹˈeɪtli,/ˈɡɹeɪt.li/,google/gemma-2-9b-it
group,gɹˈuːp,/ɡruːp/,google/gemma-2-9b-it
grouped,gɹˈuːpt,/ˈɡruːpt/,google/gemma-2-9b-it
grouping,gɹˈuːpɪŋ,/ˈɡruːpɪŋ/,google/gemma-2-9b-it
groups,gɹˈuːps,/ɡɹoups/,google/gemma-2-9b-it
guide,gˈaɪd,/ɡaɪd/,google/gemma-2-9b-it
guided,gˈaɪdəd,/ˈɡaɪdɪd/,google/gemma-2-9b-it
guides,gˈaɪdz,/ɡaɪdz/,google/gemma-2-9b-it
guiding,gˈaɪdɪŋ,/ˈɡaɪdɪŋ/,google/gemma-2-9b-it
guilt,gˈɪlt,/ɡɪlt/,google/gemma-2-9b-it
gym,dʒˈɪm,/dʒɪm/,google/gemma-2-9b-it
gyms,dʒˈɪmz,/dʒɪmz/,google/gemma-2-9b-it
halfway,hˈæfwˈeɪ,/ˈhɑːfweɪ/,google/gemma-2-9b-it
ham,hˈæm,/hæm/,google/gemma-2-9b-it
hand,hˈænd,/hænd/,google/gemma-2-9b-it
handed,hˈændəd,/ˈhændɪd/,google/gemma-2-9b-it
handing,hˈændɪŋ,/ˈhændɪŋ/,google/gemma-2-9b-it
handler,hˈændlɚ,/ˈhændlər/,google/gemma-2-9b-it
hands,hˈændz,/hændz/,google/gemma-2-9b-it
hannah,hˈænə,/ˈhænə/,google/gemma-2-9b-it
hanover,hˈænoʊvɚ,/ˈhænəvər/,google/gemma-2-9b-it
happen,hˈæpən,/ˈhæpən/,google/gemma-2-9b-it
happened,hˈæpənd,/ˈhæpənd/,google/gemma-2-9b-it
happens,hˈæpənz,/ˈhæpənz/,google/gemma-2-9b-it
hard,hˈɑːɹd,/hɑrd/,google/gemma-2-9b-it
hardly,hˈɑːɹdli,/ˈhɑɹdli/,google/gemma-2-9b-it
harmful,hˈɑːɹmfəl,/ˈhɑɹmfəl/,google/gemma-2-9b-it
hatch,hˈætʃ,/hætʃ/,google/gemma-2-9b-it
havana,həvˈænə,/həˈvɑːnə/,google/gemma-2-9b-it
head,hˈɛd,/hɛd/,google/gemma-2-9b-it
headed,hˈɛdəd,/ˈhɛdɪd/,google/gemma-2-9b-it
heading,hˈɛdɪŋ,/ˈhɛdɪŋ/,google/gemma-2-9b-it
heads,hˈɛdz,/hɛdz/,google/gemma-2-9b-it
heartbeat,hˈɑːɹtbˌit,/ˈhɝtˌbiːt/,google/gemma-2-9b-it
helm,hˈɛlm,/hɛlm/,google/gemma-2-9b-it
helper,hˈɛlpɚ,/ˈhɛl.pɚ/,google/gemma-2-9b-it
helpful,hˈɛlpfəl,/ˈhɛlpfəl/,google/gemma-2-9b-it
hemp,hˈɛmp,/hɛmp/,google/gemma-2-9b-it
henry,hˈɛnɹi,/ˈhɛnɹi/,google/gemma-2-9b-it
heroic,hɪɹˈoʊɪk,/hɪˈroɪk/,google/gemma-2-9b-it
hesitation,hˌɛzətˈeɪʃən,/ˌhɛzɪˈteɪʃən/,google/gemma-2-9b-it
het,hˈɛt,/hɛt/,google/gemma-2-9b-it
highly,hˈaɪli,/ˈhaɪli/,google/gemma-2-9b-it
hill,hˈɪl,/hɪl/,google/gemma-2-9b-it
hills,hˈɪlz,/hɪlz/,google/gemma-2-9b-it
hilton,hˈɪltən,/ˈhɪltən/,google/gemma-2-9b-it
hint,hˈɪnt,/hɪnt/,google/gemma-2-9b-it
hints,hˈɪnts,/hɪnts/,google/gemma-2-9b-it
historians,hɪstˈɔːɹiənz,/hɪˈstɔɹiənz/,google/gemma-2-9b-it
hiv,hˈɪv,/haɪv/,google/gemma-2-9b-it
hoa,hˈoʊə,/hoʊ.ə/,google/gemma-2-9b-it
holly,hˈɑːli,/ˈhɑːli/,google/gemma-2-9b-it
homes,hˈoʊmz,/ˈhəʊmz/,google/gemma-2-9b-it
hood,hˈʊd,/hʊd/,google/gemma-2-9b-it
hooded,hˈʊdɪd,/ˈhʊdɪd/,google/gemma-2-9b-it
hoods,hˈʊdz,/hʊdz/,google/gemma-2-9b-it
hooker,hˈʊkɚ,/ˈhʊkər/,google/gemma-2-9b-it
hopeful,hˈoʊpfəl,/ˈhoʊp.fəl/,google/gemma-2-9b-it
hormone,hˈɔːɹmˌoʊn,/ˈhɔːrmˌoʊn/,google/gemma-2-9b-it
hose,hˈoʊz,/hoʊz/,google/gemma-2-9b-it
hoses,hˈoʊzɪz,/ˈhoʊzɪz/,google/gemma-2-9b-it
hospitality,hˌɑspətˈæləti,/ˌhɑːspɪˈtælɪti/,google/gemma-2-9b-it
hourly,ˈaʊɹli,/ˈaʊrli/,google/gemma-2-9b-it
housed,hˈaʊzd,/haʊzd/,google/gemma-2-9b-it
housing,hˈaʊzɪŋ,/ˈhaʊzɪŋ/,google/gemma-2-9b-it
hover,hˈʌvɚ,/ˈhoʊvər/,google/gemma-2-9b-it
hunt,hˈʌnt,/hʌnt/,google/gemma-2-9b-it
hunting,hˈʌntɪŋ,/ˈhʌntɪŋ/,google/gemma-2-9b-it
husband,hˈʌzbənd,/ˈhʌzbənd/,google/gemma-2-9b-it
husbands,hˈʌzbəndz,/ˈhʌzbəndz/,google/gemma-2-9b-it
hutchinson,hˈʌtʃɪnsən,/ˈhʌtʃɪnˌsən/,google/gemma-2-9b-it
iceberg,ˈaɪsbɚg,/ˈaɪsˌbɜrɡ/,google/gemma-2-9b-it
idaho,ˈaɪdəhˌoʊ,/aɪˈdɑːhoʊ/,google/gemma-2-9b-it
idle,ˈaɪdəl,/ˈaɪd əl/,google/gemma-2-9b-it
immunity,ɪmjˈuːnəti,/ɪˈmjunɪti/,google/gemma-2-9b-it
impeachment,ɪmpˈiːtʃmənt,/ɪmˈpiːtʃmənt/,google/gemma-2-9b-it
impeccable,ɪmpˈɛkəbəl,/ɪmˈpɛkəbəl/,google/gemma-2-9b-it
import,ˈɪmpˌɔɹt,/ɪmˈpɔɹt/,google/gemma-2-9b-it
importance,ɪmpˈɔːɹtəns,/ɪmˈpɔɹtəns/,google/gemma-2-9b-it
imported,ɪmpˈɔːɹtɪd,/ɪmˈpɔɹtɪd/,google/gemma-2-9b-it
impressed,ɪmpɹˈɛst,/ɪmˈprɛst/,google/gemma-2-9b-it
incidents,ˈɪnsədənts,/ˈɪnsɪdnts/,google/gemma-2-9b-it
include,ɪnklˈuːd,/ɪnˈkluːd/,google/gemma-2-9b-it
included,ɪnklˈuːdəd,/ɪnˈkluːdɪd/,google/gemma-2-9b-it
includes,ɪnklˈuːdz,/ɪnˈkluːdz/,google/gemma-2-9b-it
inclusive,ɪnklˈuːsɪv,/ɪnˈkluːsɪv/,google/gemma-2-9b-it
indies,ˈɪndiz,/ˈɪndɪz/,google/gemma-2-9b-it
induction,ɪndˈʌkʃən,/ˌɪndʌkˈʃən/,google/gemma-2-9b-it
infection,ɪnfˈɛkʃən,/ɪnˈfɛkʃən/,google/gemma-2-9b-it
inflammation,ˌɪnfləmˈeɪʃən,/ˌɪnfləˈmeɪʃən/,google/gemma-2-9b-it
inhabitants,ɪnhˈæbətənts,/ˌɪnˈhæbɪtənts/,google/gemma-2-9b-it
inquire,ɪnkwˈaɪɹ,/ɪnˈkwaɪər/,google/gemma-2-9b-it
ins,ˈɪnz,/ɪnz/,google/gemma-2-9b-it
instructed,ɪnstɹˈʌktəd,/ɪnˈstrʌktɪd/,google/gemma-2-9b-it
intelligent,ɪntˈɛlədʒənt,/ɪnˈtɛlɪdʒənt/,google/gemma-2-9b-it
intention,ɪntˈɛntʃən,/ˌɪnˌtɛnˈʃən/,google/gemma-2-9b-it
interior,ɪntˈɪɹiɚ,/ɪnˈtɪəriər/,google/gemma-2-9b-it
invest,ɪnvˈɛst,/ɪnˈvɛst/,google/gemma-2-9b-it
invested,ɪnvˈɛstəd,/ɪnˈvɛstɪd/,google/gemma-2-9b-it
invite,ˈɪnvaɪt,/ɪnˈvaɪt/,google/gemma-2-9b-it
invited,ɪnvˈaɪtəd,/ɪnˈvaɪtɪd/,google/gemma-2-9b-it
inviting,ɪnvˈaɪtɪŋ,/ɪnˈvaɪtɪŋ/,google/gemma-2-9b-it
ireland,ˈaɪɚlənd,/ˈaɪrəlænd/,google/gemma-2-9b-it
irs,ˈɚz,/ɝz/,google/gemma-2-9b-it
irwin,ˈɚwən,/ˈɜr.wɪn/,google/gemma-2-9b-it
issue,ˈɪʃu,/ˈɪʃuː/,google/gemma-2-9b-it
jade,dʒˈeɪd,/ˈdʒeɪd/,google/gemma-2-9b-it
jay,dʒˈeɪ,/dʒeɪ/,google/gemma-2-9b-it
jefferson,dʒˈɛfɚsən,/dʒɛfərˈsən/,google/gemma-2-9b-it
jimmy,dʒˈɪmi,/ˈdʒɪmi/,google/gemma-2-9b-it
joel,dʒˈoʊəl,/ˈdʒoʊəl/,google/gemma-2-9b-it
joey,dʒˈoʊi,/ˈdʒoʊi/,google/gemma-2-9b-it
journey,dʒˈɚni,/ˈdʒɝːni/,google/gemma-2-9b-it
joy,dʒˈɔɪ,/dʒɔɪ/,google/gemma-2-9b-it
joys,dʒˈɔɪz,/dʒɔɪz/,google/gemma-2-9b-it
judy,dʒˈuːdi,/ˈdʒuːdi/,google/gemma-2-9b-it
jumbo,dʒˈʌmboʊ,/ˈdʒʌmbo/,google/gemma-2-9b-it
kelly,kˈɛli,/ˈkɛli/,google/gemma-2-9b-it
kenny,kˈɛni,/ˈkɛni/,google/gemma-2-9b-it
kerala,kˌɛɹˈɑːlə,/kəˈɹælə/,google/gemma-2-9b-it
kernel,kˈɚnəl,/ˈkɝnl/,google/gemma-2-9b-it
kick,kˈɪk,/kɪk/,google/gemma-2-9b-it
kicked,kˈɪkt,/kɪkt/,google/gemma-2-9b-it
kicking,kˈɪkɪŋ,/ˈkɪkɪŋ/,google/gemma-2-9b-it
kicks,kˈɪks,/kɪks/,google/gemma-2-9b-it
kim,kˈɪm,/kɪm/,google/gemma-2-9b-it
kin,kˈɪn,/kɪn/,google/gemma-2-9b-it
kirsten,kˈɚstən,/ˈkɜːɹstən/,google/gemma-2-9b-it
knives,nˈaɪvz,/nʌɪvz/,google/gemma-2-9b-it
kramer,kɹˈeɪmɚ,/ˈkræmər/,google/gemma-2-9b-it
lab,lˈæb,/læb/,google/gemma-2-9b-it
lanes,lˈeɪnz,/leɪnz/,google/gemma-2-9b-it
later,lˈeɪtɚ,/ˈleɪtər/,google/gemma-2-9b-it
lavish,lˈævɪʃ,/ˈlævɪʃ/,google/gemma-2-9b-it
lawn,lˈɔːn,/lɔːn/,google/gemma-2-9b-it
lax,lˈæks,/læks/,google/gemma-2-9b-it
learn,lˈɚn,/lɝn/,google/gemma-2-9b-it
learning,lˈɚnɪŋ,/ˈlɝːnɪŋ/,google/gemma-2-9b-it
learnt,lˈɚnt,/lɜːrt/,google/gemma-2-9b-it
lecturer,lˈɛktʃɚɚ,/ˈlɛk.tʃərər/,google/gemma-2-9b-it
legally,lˈiːgəli,/ˈlɛɡəli/,google/gemma-2-9b-it
lemonade,lˈɛmənˈeɪd,/ˈlemənˌeɪd/,google/gemma-2-9b-it
lens,lˈɛnz,/lɛns/,google/gemma-2-9b-it
lenses,lˈɛnzəz,/ˈlɛnsɪz/,google/gemma-2-9b-it
lester,lˈɛstɚ,/ˈlɛstər/,google/gemma-2-9b-it
liar,lˈaɪɚ,/ˈlaɪər/,google/gemma-2-9b-it
liberal,lˈɪbɚəl,/ˈlɪbərəl/,google/gemma-2-9b-it
liberty,lˈɪbɚti,/ˈlɪbəɹti/,google/gemma-2-9b-it
liner,lˈaɪnɚ,/ˈlaɪnər/,google/gemma-2-9b-it
literal,lˈɪtɚəl,/ˈlɪtərəl/,google/gemma-2-9b-it
lithium,lˈɪθiəm,/ˈlɪθiəm/,google/gemma-2-9b-it
locate,lˈoʊkˌeɪt,/ləˈkeɪt/,google/gemma-2-9b-it
located,lˈoʊkˌeɪtəd,/ˈloʊkeɪtɪd/,google/gemma-2-9b-it
lodge,lˈɑːdʒ,/lɑdʒ/,google/gemma-2-9b-it
lodging,lˈɑːdʒɪŋ,/ˈlɑːdʒɪŋ/,google/gemma-2-9b-it
loneliness,lˈoʊnlinəs,/lʌnˈliːnəs/,google/gemma-2-9b-it
lonely,lˈoʊnli,/ˈloʊnli/,google/gemma-2-9b-it
lucky,lˈʌki,/ˈlʌki/,google/gemma-2-9b-it
lynch,lˈɪntʃ,/lɪŋtʃ/,google/gemma-2-9b-it
lyric,lˈɪɹɪk,/ˈlɪrɪk/,google/gemma-2-9b-it
macedonia,mˌæsədˈoʊniə,/ˌmæsɪˈdoʊniə/,google/gemma-2-9b-it
machinery,məʃˈiːnɚi,/məˈʃɪnəri/,google/gemma-2-9b-it
magazines,mˈægəzˌinz,/ˈmægəzɪnz/,google/gemma-2-9b-it
magnet,mˈægnət,/ˈmæɡnɪt/,google/gemma-2-9b-it
management,mˈænədʒmənt,/mənˈædʒmənt/,google/gemma-2-9b-it
mandate,mˌændˈeɪt,/ˈmænˌdeɪt/,google/gemma-2-9b-it
manicure,mˈænɪkjɚ,/ˌmænɪˈkjuːr/,google/gemma-2-9b-it
maple,mˈeɪpəl,/ˈmeɪpəl/,google/gemma-2-9b-it
mara,mˈɑːɹə,/ˈmɛərə/,google/gemma-2-9b-it
marathi,məɹˈɑːti,/mɑːˈɹɑːθi/,google/gemma-2-9b-it
marital,mˈɛɹətəl,/ˈmɑɹɪtl/,google/gemma-2-9b-it
market,mˈɑːɹkət,/ˈmɑɹkɪt/,google/gemma-2-9b-it
markets,mˈɑːɹkəts,/ˈmɑɹkɪts/,google/gemma-2-9b-it
mascot,mˈæskət,/ˈmæsˌkɑt/,google/gemma-2-9b-it
massey,mˈæsi,/ˈmæsɪ/,google/gemma-2-9b-it
material,mətˈɪɹiəl,/məˈtɪɹiəl/,google/gemma-2-9b-it
materials,mətˈɪɹiəlz,/məˈtɪəriəlz/,google/gemma-2-9b-it
maternity,mətˈɚnɪti,/məˈtɜːrnəti/,google/gemma-2-9b-it
matthew,mˈæθju,/ˈmætθjuː/,google/gemma-2-9b-it
maturity,mətʃˈʊɹəti,/məˈtʃʊrəti/,google/gemma-2-9b-it
maya,mˈaɪə,/maɪ.ə/,google/gemma-2-9b-it
meaningful,mˈiːnɪŋfəl,/ˈmɪnɪŋfəl/,google/gemma-2-9b-it
mechanism,mˈɛkənˌɪzəm,/ˈmɛkənɪzəm/,google/gemma-2-9b-it
memorable,mˈɛmɚəbəl,/mɛˈmɔɹəbəl/,google/gemma-2-9b-it
mesh,mˈɛʃ,/mɛʃ/,google/gemma-2-9b-it
messy,mˈɛsi,/ˈmɛsi/,google/gemma-2-9b-it
migrant,mˈaɪgɹənt,/ˈmaɪɡrənt/,google/gemma-2-9b-it
mike,mˈaɪk,/maɪk/,google/gemma-2-9b-it
mile,mˈaɪl,/maɪl/,google/gemma-2-9b-it
millions,mˈɪljənz,/ˈmɪljənz/,google/gemma-2-9b-it
mine,mˈaɪn,/maɪn/,google/gemma-2-9b-it
mines,mˈaɪnz,/maɪnz/,google/gemma-2-9b-it
mining,mˈaɪnɪŋ,/ˈmaɪnɪŋ/,google/gemma-2-9b-it
ministry,mˈɪnəstɹi,/ˈmɪnɪstrɪ/,google/gemma-2-9b-it
minus,mˈaɪnəs,/ˈmaɪnəs/,google/gemma-2-9b-it
misconduct,mˌɪskɑndˈʌkt,/ˌmɪsˈkənˌdʌkt/,google/gemma-2-9b-it
miss,mˈɪs,/mɪs/,google/gemma-2-9b-it
missed,mˈɪst,/mɪst/,google/gemma-2-9b-it
misses,mˈɪsəz,/ˈmɪsɪz/,google/gemma-2-9b-it
missing,mˈɪsɪŋ,/ˈmɪsɪŋ/,google/gemma-2-9b-it
moderator,mˈɑːdɚˌeɪtɚ,/ˈmɒdərˌeɪtər/,google/gemma-2-9b-it
modules,mˈɑːdʒulz,/ˈmɒdʒuːlz/,google/gemma-2-9b-it
moist,mˈɔɪst,/moɪst/,google/gemma-2-9b-it
mongolian,mɑŋgˈoʊliən,/ˌmɒŋɡoʊˈliən/,google/gemma-2-9b-it
monterey,mˌɑntɚˈeɪ,/mənˈtɛɹi/,google/gemma-2-9b-it
mood,mˈuːd,/muːd/,google/gemma-2-9b-it
moonlight,mˈuːnlˌaɪt,/ˈmuːnˌlaɪt/,google/gemma-2-9b-it
mostly,mˈoʊstli,/ˈmɑːstli/,google/gemma-2-9b-it
motivate,mˈoʊtəvˌeɪt,/moʊˈtɪveɪt/,google/gemma-2-9b-it
mountains,mˈaʊntənz,/ˈmaʊntənz/,google/gemma-2-9b-it
municipal,mjunˈɪsəpəl,/mjuːnɪˈsɪpəl/,google/gemma-2-9b-it
music,mjˈuːzɪk,/ˈmjuːzɪk/,google/gemma-2-9b-it
mythology,məθˈɑːlədʒi,/ˌmɪθˈɒlədʒi/,google/gemma-2-9b-it
myths,mˈɪθs,/mɪθs/,google/gemma-2-9b-it
national,nˈæʃənəl,/ˈnæʃənəl/,google/gemma-2-9b-it
naval,nˈeɪvəl,/ˈnævəl/,google/gemma-2-9b-it
neatly,nˈiːtli,/ˈniːtli/,google/gemma-2-9b-it
negotiable,nəgˈoʊʃəbəl,/nɪˈɡoʊʃiəbl/,google/gemma-2-9b-it
nelson,nˈɛlsən,/ˈnɛl.sən/,google/gemma-2-9b-it
nerve,nˈɚv,/nɝv/,google/gemma-2-9b-it
nerves,nˈɚvz,/ˈnɝvz/,google/gemma-2-9b-it
nevis,nˈɛvɪs,/ˈneɪvɪs/,google/gemma-2-9b-it
newton,nˈuːtən,/ˈnjuːtən/,google/gemma-2-9b-it
nile,nˈaɪl,/naɪl/,google/gemma-2-9b-it
ninth,nˈaɪnθ,/nɪnθ/,google/gemma-2-9b-it
nominee,nˌɑmənˈiː,/ˈnɑːmɪniː/,google/gemma-2-9b-it
notice,nˈoʊtəs,/ˈnoʊtɪs/,google/gemma-2-9b-it
noticed,nˈoʊtəst,/ˈnoʊtɪst/,google/gemma-2-9b-it
noticing,nˈoʊtɪsɪŋ,/noʊˈsɪsɪŋ/,google/gemma-2-9b-it
nous,nˈuːs,/nuːs/,google/gemma-2-9b-it
nudity,nˈuːdɪti,/ˈnjuːdɪti/,google/gemma-2-9b-it
numerical,numˈɛɹəkəl,/ˈnjumərɪkl/,google/gemma-2-9b-it
oath,ˈoʊθ,/oʊθ/,google/gemma-2-9b-it
obama,ˌoʊbˈɑːmə,/oʊˈbɑːmə/,google/gemma-2-9b-it
obscene,ɑbsˈiːn,/əbˈsiːn/,google/gemma-2-9b-it
obviously,ˈɑːbviəsli,/ˈɑbviəsli/,google/gemma-2-9b-it
officially,əfˈɪʃəli,/ˌoʊfɪˈʃəlɪ/,google/gemma-2-9b-it
oh,ˈoʊ,/oʊ/,google/gemma-2-9b-it
older,ˈoʊldɚ,/ˈoʊldər/,google/gemma-2-9b-it
omg,ˈɑːm,/oʊ ˈmɛɡ/,google/gemma-2-9b-it
opacity,oʊpˈæsəti,/əpˈɒsɪti/,google/gemma-2-9b-it
opinion,əpˈɪnjən,/əˈpɪnjən/,google/gemma-2-9b-it
opinions,əpˈɪnjənz,/əˈpɪnjənz/,google/gemma-2-9b-it
opt,ˈɑːpt,/ɒpt/,google/gemma-2-9b-it
optical,ˈɑːptɪkəl,/ˈɑptɪkəl/,google/gemma-2-9b-it
organic,ɔɹgˈænɪk,/ɔrˈɡænɪk/,google/gemma-2-9b-it
organize,ˈɔːɹgənˌaɪz,/ɔːrˈɡənˌaɪz/,google/gemma-2-9b-it
organized,ˈɔːɹgənˌaɪzd,/ɔrˈɡənˌaɪzd/,google/gemma-2-9b-it
osborne,ˈɔːzbˌɔɹn,/ˈɔːzbərn/,google/gemma-2-9b-it
oslo,ˈɑːzloʊ,/ˈoʊsloʊ/,google/gemma-2-9b-it
ounces,ˈaʊnsəz,/ˈaʊnsiz/,google/gemma-2-9b-it
outer,ˈaʊtɚ,/ˈaʊtər/,google/gemma-2-9b-it
outlook,ˈaʊtlˌʊk,/ˈaʊtˌlʊk/,google/gemma-2-9b-it
oval,ˈoʊvəl,/ˈoʊvəl/,google/gemma-2-9b-it
over,ˈoʊvɚ,/ˈoʊvər/,google/gemma-2-9b-it
override,ˈoʊvɚɹˌaɪd,/ˌoʊvərˈraɪd/,google/gemma-2-9b-it
owners,ˈoʊnɚz,/ˈoʊnərz/,google/gemma-2-9b-it
package,pˈækədʒ,/ˈpækɪdʒ/,google/gemma-2-9b-it
papa,pˈɑːpə,/ˈpɑːpə/,google/gemma-2-9b-it
parsley,pˈɑːɹsli,/ˈpɑɹsli/,google/gemma-2-9b-it
partly,pˈɑːɹtli,/ˈpɑɹt.li/,google/gemma-2-9b-it
passive,pˈæsɪv,/ˈpæsɪv/,google/gemma-2-9b-it
past,pˈæst,/pɑːst/,google/gemma-2-9b-it
patio,pˈætiˌoʊ,/ˈpætio/,google/gemma-2-9b-it
patrol,pətɹˈoʊl,/pəˈɹoʊl/,google/gemma-2-9b-it
pavilion,pəvˈɪljən,/pəˈvɪliən/,google/gemma-2-9b-it
payments,pˈeɪmənts,/ˈpeɪmənts/,google/gemma-2-9b-it
pedestal,pˈɛdəstəl,/ˈpɛdɪstəl/,google/gemma-2-9b-it
pedestrian,pədˈɛstɹiən,/pɛˈdɛstriən/,google/gemma-2-9b-it
permit,pˈɚmˌɪt,/pərˈmɪt/,google/gemma-2-9b-it
permitted,pɚmˈɪtəd,/pɚˈmɪtɪd/,google/gemma-2-9b-it
persistent,pɚsˈɪstənt,/pərˈsɪstənt/,google/gemma-2-9b-it
persona,pɚsˈoʊnə,/pərˈsoʊnə/,google/gemma-2-9b-it
personality,pˌɚsənˈælɪti,/pɝˈsɑːnælɪti/,google/gemma-2-9b-it
perspective,pɚspˈɛktɪv,/pərˈspɛktɪv/,google/gemma-2-9b-it
peru,pɚˈuː,/pəˈɹuː/,google/gemma-2-9b-it
pharmacy,fˈɑːɹməsi,/ˈfɑːrməsi/,google/gemma-2-9b-it
physician,fəzˈɪʃən,/fɪˈzɪʃən/,google/gemma-2-9b-it
physiological,fˌɪziəlˈɑːdʒɪkəl,/ˌfɪz.i.əˈlɑːdʒ.ɪ.kəl/,google/gemma-2-9b-it
pick,pˈɪk,/pɪk/,google/gemma-2-9b-it
picked,pˈɪkt,/ˈpɪkt/,google/gemma-2-9b-it
picking,pˈɪkɪŋ,/ˈpɪkɪŋ/,google/gemma-2-9b-it
picks,pˈɪks,/pɪks/,google/gemma-2-9b-it
pictures,pˈɪktʃɚz,/ˈpɪktʃərz/,google/gemma-2-9b-it
pier,pˈɪɹ,/pɪər/,google/gemma-2-9b-it
pig,pˈɪg,/pɪɡ/,google/gemma-2-9b-it
pigeon,pˈɪdʒən,/ˈpɪdʒən/,google/gemma-2-9b-it
pigs,pˈɪgz,/pɪɡz/,google/gemma-2-9b-it
pike,pˈaɪk,/paɪk/,google/gemma-2-9b-it
piston,pˈɪstən,/ˈpɪstən/,google/gemma-2-9b-it
pitch,pˈɪtʃ,/pɪtʃ/,google/gemma-2-9b-it
pitched,pˈɪtʃt,/ˈpɪtʃt/,google/gemma-2-9b-it
pitching,pˈɪtʃɪŋ,/ˈpɪtʃɪŋ/,google/gemma-2-9b-it
playful,plˈeɪfəl,/ˈpleɪfəl/,google/gemma-2-9b-it
pocket,pˈɑːkət,/ˈpɑkɪt/,google/gemma-2-9b-it
pockets,pˈɑːkəts,/ˈpɑkɪts/,google/gemma-2-9b-it
point,pˈɔɪnt,/pɔɪnt/,google/gemma-2-9b-it
pointe,pˈɔɪnt,/pɔɪnt/,google/gemma-2-9b-it
pointed,pˈɔɪntəd,/ˈpɔɪntɪd/,google/gemma-2-9b-it
pointing,pˈɔɪntɪŋ,/ˈpɔɪntɪŋ/,google/gemma-2-9b-it
points,pˈɔɪnts,/pɔɪnts/,google/gemma-2-9b-it
politician,pˌɑlətˈɪʃən,/ˌpɑːlɪˈtɪʃən/,google/gemma-2-9b-it
pop,pˈɑːp,/pɑp/,google/gemma-2-9b-it
popping,pˈɑːpɪŋ,/ˈpɑpɪŋ/,google/gemma-2-9b-it
pops,pˈɑːps,/pɒps/,google/gemma-2-9b-it
popularity,pˌɑpjəlˈɛɹəti,/ˌpɒp.jʊˈlær.ɪ.ti/,google/gemma-2-9b-it
portal,pˈɔːɹtəl,/ˈpɔɹtəl/,google/gemma-2-9b-it
portugal,pˈɔːɹtʃəgəl,/pɔɹˈtuɡəl/,google/gemma-2-9b-it
possess,pəzˈɛs,/pəˈsɛs/,google/gemma-2-9b-it
possessed,pəzˈɛst,/pəˈsɛst/,google/gemma-2-9b-it
possesses,pəzˈɛsəz,/pəˈsɛsɪz/,google/gemma-2-9b-it
postage,pˈoʊstədʒ,/ˈpəʊstɪdʒ/,google/gemma-2-9b-it
powell,pˈaʊəl,/ˈpaʊəl/,google/gemma-2-9b-it
pray,pɹˈeɪ,/preɪ/,google/gemma-2-9b-it
predict,pɹɪdˈɪkt,/prɪˈdɪkt/,google/gemma-2-9b-it
predicted,pɹɪdˈɪktɪd,/prɪˈdɪktɪd/,google/gemma-2-9b-it
prediction,pɹidˈɪkʃən,/prɪˈdɪkʃən/,google/gemma-2-9b-it
preference,pɹˈɛfɚəns,/ˈprɛfərəns/,google/gemma-2-9b-it
premium,pɹˈiːmiəm,/ˈpriːmjəm/,google/gemma-2-9b-it
preparation,pɹˌɛpɚˈeɪʃən,/ˌprɛpəˈɹeɪʃən/,google/gemma-2-9b-it
prima,pɹˈiːmə,/ˈpriːmə/,google/gemma-2-9b-it
princeton,pɹˈɪnstən,/ˈprɪŋstən/,google/gemma-2-9b-it
proficiency,pɹəfˈɪʃənsi,/prəˈfɪʃənsi/,google/gemma-2-9b-it
proliferation,pɹˌoʊlɪfɚˈeɪʃən,/ˌproʊlɪfəˈɹeɪʃən/,google/gemma-2-9b-it
promote,pɹəmˈoʊt,/prəˈmoʊt/,google/gemma-2-9b-it
promoting,pɹəmˈoʊtɪŋ,/prəˈmoʊtɪŋ/,google/gemma-2-9b-it
promotional,pɹəmˈoʊʃənəl,/prəˈmoʊʃənəl/,google/gemma-2-9b-it
pronounced,pɹənˈaʊnst,/prəˈnaʊnsɪd/,google/gemma-2-9b-it
prototype,pɹˈoʊtətˌaɪp,/ˈproʊtəˌtaɪp/,google/gemma-2-9b-it
prototyping,pɹˈoʊtətɪpɪŋ,/ˈproʊ.toˌtaɪpɪŋ/,google/gemma-2-9b-it
pseudo,sˈuːdoʊ,/ˈsuːdoʊ/,google/gemma-2-9b-it
public,pˈʌblɪk,/ˈpʌblɪk/,google/gemma-2-9b-it
publicly,pˈʌblɪkli,/ˈpʌblɪkli/,google/gemma-2-9b-it
publish,pˈʌblɪʃ,/ˈpʌblɪʃ/,google/gemma-2-9b-it
published,pˈʌblɪʃt,/ˈpʌblɪʃt/,google/gemma-2-9b-it
publishing,pˈʌblɪʃɪŋ,/ˈpʌblɪʃɪŋ/,google/gemma-2-9b-it
pun,pˈʌn,/pʌn/,google/gemma-2-9b-it
pupil,pjˈuːpəl,/ˈpjuːpəl/,google/gemma-2-9b-it
puppies,pˈʌpiz,/ˈpʌpɪz/,google/gemma-2-9b-it
puppy,pˈʌpi,/ˈpʌpi/,google/gemma-2-9b-it
purification,pjˌʊɹəfəkˈeɪʃən,/ˌpjurəfɪˈkeɪʃən/,google/gemma-2-9b-it
purse,pˈɚs,/pɝs/,google/gemma-2-9b-it
pursuit,pɚsˈuːt,/pɚˈsjuːt/,google/gemma-2-9b-it
python,pˈaɪθɑn,/ˈpaɪθən/,google/gemma-2-9b-it
quad,kwˈɑːd,/kwæd/,google/gemma-2-9b-it
quarter,kwˈɔːɹtɚ,/ˈkwɔɹtər/,google/gemma-2-9b-it
racism,ɹˈeɪsˌɪzəm,/ˈreɪsɪzəm/,google/gemma-2-9b-it
raid,ɹˈeɪd,/reɪd/,google/gemma-2-9b-it
rail,ɹˈeɪl,/ɹeɪl/,google/gemma-2-9b-it
rare,ɹˈɛɹ,/reɪɹ/,google/gemma-2-9b-it
raymond,ɹˈeɪmənd,/ˈɹeɪmɑnd/,google/gemma-2-9b-it
reach,ɹˈiːtʃ,/riːtʃ/,google/gemma-2-9b-it
reached,ɹˈiːtʃt,/ˈriːtʃt/,google/gemma-2-9b-it
reaches,ɹˈiːtʃəz,/ˈriːtʃɪz/,google/gemma-2-9b-it
reaching,ɹˈiːtʃɪŋ,/ˈriːtʃɪŋ/,google/gemma-2-9b-it
realm,ɹˈɛlm,/ɹeɪlm/,google/gemma-2-9b-it
rebirth,ɹibˈɚθ,/rɪˈbɜːɹθ/,google/gemma-2-9b-it
receive,ɹəsˈiːv,/rɪˈsiːv/,google/gemma-2-9b-it
received,ɹəsˈiːvd,/rɪˈsivd/,google/gemma-2-9b-it
receiver,ɹəsˈiːvɚ,/rɪˈsiːvər/,google/gemma-2-9b-it
receives,ɹəsˈiːvz,/rɪˈsiːvz/,google/gemma-2-9b-it
receiving,ɹəsˈiːvɪŋ,/rɪˈsiːvɪŋ/,google/gemma-2-9b-it
red,ɹˈɛd,/rɛd/,google/gemma-2-9b-it
redundant,ɹɪdˈʌndənt,/rɪˈdʌndənt/,google/gemma-2-9b-it
reforms,ɹəfˈɔːɹmz,/rɪˈfɔrms/,google/gemma-2-9b-it
refrain,ɹɪfɹˈeɪn,/rɪˈfreɪn/,google/gemma-2-9b-it
refresh,ɹˈɪfɹɛʃ,/rɪˈfɹɛʃ/,google/gemma-2-9b-it
refreshing,ɹɪfɹˈɛʃɪŋ,/rɪˈfɹɛʃɪŋ/,google/gemma-2-9b-it
relax,ɹɪlˈæks,/rɪˈlæks/,google/gemma-2-9b-it
relaxed,ɹɪlˈækst,/rɪˈlækst/,google/gemma-2-9b-it
relevant,ɹˈɛləvənt,/ˈrɛləvənt/,google/gemma-2-9b-it
relieve,ɹɪlˈiːv,/rɪˈliːv/,google/gemma-2-9b-it
relieved,ɹɪlˈiːvd,/rɪˈliːvd/,google/gemma-2-9b-it
religion,ɹɪlˈɪdʒən,/rɪˈlɪdʒən/,google/gemma-2-9b-it
relish,ɹˈɛlɪʃ,/ˈɹɛlɪʃ/,google/gemma-2-9b-it
require,ɹˌikwˈaɪɚ,/rɪˈkwaɪər/,google/gemma-2-9b-it
required,ɹikwˈaɪɚd,/rɪˈkwaɪrd/,google/gemma-2-9b-it
requires,ɹikwˈaɪɚz,/rɪˈkwaɪrz/,google/gemma-2-9b-it
requiring,ɹikwˈaɪɚɪŋ,/rɪˈkwaɪɹɪŋ/,google/gemma-2-9b-it
rescue,ɹˈɛskju,/ˈɹɛskjuː/,google/gemma-2-9b-it
rescued,ɹˈɛskjud,/rɪˈskjuːd/,google/gemma-2-9b-it
residue,ɹˈɛzədˌu,/rɪˈzɪdjuː/,google/gemma-2-9b-it
respond,ɹɪspˈɑːnd,/rɪˈspɑːnd/,google/gemma-2-9b-it
responded,ɹɪspˈɑːndɪd,/rɪˈspɑːndɪd/,google/gemma-2-9b-it
return,ɹɪtˈɚn,/rɪˈtɝn/,google/gemma-2-9b-it
returned,ɹɪtˈɚnd,/rɪˈtɝnd/,google/gemma-2-9b-it
returning,ɹɪtˈɚnɪŋ,/rɪˈtɝːnɪŋ/,google/gemma-2-9b-it
returns,ɹɪtˈɚnz,/rɪˈtɝːnz/,google/gemma-2-9b-it
revenge,ɹivˈɛndʒ,/rɪˈvɛndʒ/,google/gemma-2-9b-it
rid,ɹˈɪd,/rɪd/,google/gemma-2-9b-it
rig,ɹˈɪg,/rɪɡ/,google/gemma-2-9b-it
rigging,ɹˈɪgɪŋ,/ˈɹɪɡɪŋ/,google/gemma-2-9b-it
rigs,ɹˈɪgz,/rɪɡz/,google/gemma-2-9b-it
rinse,ɹˈɪns,/rɪns/,google/gemma-2-9b-it
riot,ɹˈaɪət,/ˈraɪət/,google/gemma-2-9b-it
ripped,ɹˈɪpt,/rɪpt/,google/gemma-2-9b-it
road,ɹˈoʊd,/roʊd/,google/gemma-2-9b-it
robert,ɹˈɑːbɚt,/ˈroʊbərt/,google/gemma-2-9b-it
rochester,ɹˈɑːtʃˌɛstɚ,/ˈɹoʊtʃɛstər/,google/gemma-2-9b-it
rock,ɹˈɑːk,/ɹɑk/,google/gemma-2-9b-it
rocket,ɹˈɑːkət,/ˈrɑkɪt/,google/gemma-2-9b-it
rocks,ɹˈɑːks,/rɒks/,google/gemma-2-9b-it
rome,ɹˈoʊm,/roʊm/,google/gemma-2-9b-it
rope,ɹˈoʊp,/roʊp/,google/gemma-2-9b-it
ropes,ɹˈoʊps,/roʊps/,google/gemma-2-9b-it
rosemary,ɹˈoʊzmˌɛɹi,/ˈroʊzəˌmɛri/,google/gemma-2-9b-it
rotate,ɹˈoʊtˌeɪt,/roʊˈteɪt/,google/gemma-2-9b-it
rotor,ɹˈoʊtɚ,/ˈroʊtər/,google/gemma-2-9b-it
routine,ɹutˈiːn,/ruːˈtiːn/,google/gemma-2-9b-it
rue,ɹˈuː,/ruː/,google/gemma-2-9b-it
russian,ɹˈʌʃən,/ˈrʌʃən/,google/gemma-2-9b-it
sac,sˈæk,/sæk/,google/gemma-2-9b-it
safeguard,sˈeɪfgˌɑɹd,/ˈseɪɡɡɑːrd/,google/gemma-2-9b-it
safety,sˈeɪfti,/ˈseɪf.ti/,google/gemma-2-9b-it
sage,sˈeɪdʒ,/seɪdʒ/,google/gemma-2-9b-it
saints,sˈeɪnts,/seɪnts/,google/gemma-2-9b-it
salvation,sælvˈeɪʃən,/ˌsælˈveɪʃən/,google/gemma-2-9b-it
sap,sˈæp,/sæp/,google/gemma-2-9b-it
sassy,sˈæsi,/ˈsæsɪ/,google/gemma-2-9b-it
scrub,skɹˈʌb,/skɹʌb/,google/gemma-2-9b-it
seemingly,sˈiːmɪŋli,/ˈsiːmɪŋli/,google/gemma-2-9b-it
select,səlˈɛkt,/sɪˈlɛkt/,google/gemma-2-9b-it
selected,səlˈɛktəd,/sɪˈlɛktɪd/,google/gemma-2-9b-it
selena,səlˈiːnə,/səˈlɛnə/,google/gemma-2-9b-it
send,sˈɛnd,/sɛnd/,google/gemma-2-9b-it
sending,sˈɛndɪŋ,/ˈsɛndɪŋ/,google/gemma-2-9b-it
sends,sˈɛndz,/sɛnds/,google/gemma-2-9b-it
sent,sˈɛnt,/sɛnt/,google/gemma-2-9b-it
sergeant,sˈɑːɹdʒənt,/ˈsɜːr faldas/,google/gemma-2-9b-it
seven,sˈɛvən,/ˈsɛvən/,google/gemma-2-9b-it
sewing,sˈoʊɪŋ,/ˈsoʊ.ɪŋ/,google/gemma-2-9b-it
sewn,sˈoʊn,/soʊn/,google/gemma-2-9b-it
sex,sˈɛks,/seks/,google/gemma-2-9b-it
seymour,sˈiːmɔɹ,/ˈsiːmər/,google/gemma-2-9b-it
shake,ʃˈeɪk,/ʃeɪk/,google/gemma-2-9b-it
shakes,ʃˈeɪks,/ʃeɪks/,google/gemma-2-9b-it
shaking,ʃˈeɪkɪŋ,/ˈʃeɪkɪŋ/,google/gemma-2-9b-it
shallow,ʃˈæloʊ,/ˈʃæləʊ/,google/gemma-2-9b-it
shanghai,ʃˈæŋhˈaɪ,/ʃænˈhaɪ/,google/gemma-2-9b-it
shelley,ʃˈɛli,/ˈʃɛli/,google/gemma-2-9b-it
shemale,ʃəmˈeɪl,/ʃiˈmeɪl/,google/gemma-2-9b-it
shimmer,ʃˈɪmɚ,/ˈʃɪmər/,google/gemma-2-9b-it
ship,ʃˈɪp,/ʃɪp/,google/gemma-2-9b-it
shipment,ʃˈɪpmənt,/ˈʃɪpmənt/,google/gemma-2-9b-it
shipped,ʃˈɪpt,/ʃɪpt/,google/gemma-2-9b-it
shipping,ʃˈɪpɪŋ,/ˈʃɪpɪŋ/,google/gemma-2-9b-it
ships,ʃˈɪps,/ʃɪps/,google/gemma-2-9b-it
shoe,ʃˈuː,/ʃuː/,google/gemma-2-9b-it
shoes,ʃˈuːz,/ʃuːz/,google/gemma-2-9b-it
shook,ʃˈʊk,/ʃʊkt/,google/gemma-2-9b-it
sic,sˈɪk,/sɪk/,google/gemma-2-9b-it
sich,sˈɪtʃ,/sɪk/,google/gemma-2-9b-it
sie,sˈiː,/si/,google/gemma-2-9b-it
sienna,siˈɛnə,/siˈɛnə/,google/gemma-2-9b-it
sink,sˈɪŋk,/sɪŋk/,google/gemma-2-9b-it
sinking,sˈɪŋkɪŋ,/ˈsɪŋkɪŋ/,google/gemma-2-9b-it
sinks,sˈɪŋks,/sɪŋks/,google/gemma-2-9b-it
sins,sˈɪnz,/sɪnz/,google/gemma-2-9b-it
sir,sˈɚ,/sɜr/,google/gemma-2-9b-it
skeleton,skˈɛlətən,/ˈskɛlɪtən/,google/gemma-2-9b-it
sketch,skˈɛtʃ,/skɛtʃ/,google/gemma-2-9b-it
sketches,skˈɛtʃəz,/ˈskɛtʃɪz/,google/gemma-2-9b-it
ski,skˈiː,/ski/,google/gemma-2-9b-it
skiing,skˈiːɪŋ,/ˈskiːɪŋ/,google/gemma-2-9b-it
skype,skˈaɪp,/skaɪp/,google/gemma-2-9b-it
slip,slˈɪp,/slɪp/,google/gemma-2-9b-it
slipped,slˈɪpt,/ˈslɪpt/,google/gemma-2-9b-it
slipping,slˈɪpɪŋ,/ˈslɪpɪŋ/,google/gemma-2-9b-it
slutty,slˈʌtˌi,/ˈslʌti/,google/gemma-2-9b-it
snapchat,snˈæptʃˌæt,/ˈsnæpˌtʃæt/,google/gemma-2-9b-it
snowflake,snˈoʊflˌeɪk,/ˈsnoʊwfleɪk/,google/gemma-2-9b-it
soap,sˈoʊp,/soʊp/,google/gemma-2-9b-it
social,sˈoʊʃəl,/ˈsoʊʃəl/,google/gemma-2-9b-it
socialist,sˈoʊʃələst,/ˈsoʊʃəlɪst/,google/gemma-2-9b-it
solution,səlˈuːʃən,/səˈluːʃən/,google/gemma-2-9b-it
some,sˈʌm,/sʌm/,google/gemma-2-9b-it
somehow,sˈʌmhˌaʊ,/ˈsʌmhaʊ/,google/gemma-2-9b-it
someone,sˈʌmwˌʌn,/ˈsʌmən/,google/gemma-2-9b-it
sony,sˈoʊni,/ˈsoʊni/,google/gemma-2-9b-it
sooner,sˈuːnɚ,/ˈsuːnər/,google/gemma-2-9b-it
sophistication,səfˌɪstəkˈeɪʃən,/ˌsɑːfɪstɪˈkeɪʃən/,google/gemma-2-9b-it
souvenir,sˌuvənˈɪɹ,/suːvˈenɪr/,google/gemma-2-9b-it
spare,spˈɛɹ,/spɛər/,google/gemma-2-9b-it
speak,spˈiːk,/spik/,google/gemma-2-9b-it
specialty,spˈɛʃəlti,/spɛˈʃəlti/,google/gemma-2-9b-it
specimen,spˈɛsəmən,/ˈspɛsɪmən/,google/gemma-2-9b-it
speed,spˈiːd,/spid/,google/gemma-2-9b-it
speeding,spˈiːdɪŋ,/ˈspidɪŋ/,google/gemma-2-9b-it
spencer,spˈɛnsɚ,/ˈspɛnsər/,google/gemma-2-9b-it
spoken,spˈoʊkən,/ˈspoʊkən/,google/gemma-2-9b-it
sprinkler,spɹˈɪŋklɚ,/ˈsprɪŋklər/,google/gemma-2-9b-it
stage,stˈeɪdʒ,/steɪdʒ/,google/gemma-2-9b-it
stages,stˈeɪdʒəz,/ˈsteɪdʒɪz/,google/gemma-2-9b-it
state,stˈeɪt,/steɪt/,google/gemma-2-9b-it
stated,stˈeɪtəd,/ˈsteɪtɪd/,google/gemma-2-9b-it
states,stˈeɪts,/steɪts/,google/gemma-2-9b-it
stating,stˈeɪtɪŋ,/ˈsteɪtɪŋ/,google/gemma-2-9b-it
status,stˈætəs,/ˈstætəs/,google/gemma-2-9b-it
statute,stˈætʃut,/ˈstætjuːt/,google/gemma-2-9b-it
steam,stˈiːm,/stiːm/,google/gemma-2-9b-it
steer,stˈɪɹ,/stɪr/,google/gemma-2-9b-it
stern,stˈɚn,/stɜrn/,google/gemma-2-9b-it
still,stˈɪl,/stɪl/,google/gemma-2-9b-it
stone,stˈoʊn,/stəʊn/,google/gemma-2-9b-it
stones,stˈoʊnz,/stəʊnz/,google/gemma-2-9b-it
stove,stˈoʊv,/stov/,google/gemma-2-9b-it
strait,stɹˈeɪt,/streɪt/,google/gemma-2-9b-it
strategist,stɹˈætɪdʒɪst,/ˈstrætədʒɪst/,google/gemma-2-9b-it
stripe,stɹˈaɪp,/straɪp/,google/gemma-2-9b-it
striped,stɹˈaɪpt,/ˈstraɪpt/,google/gemma-2-9b-it
stripes,stɹˈaɪps,/straɪps/,google/gemma-2-9b-it
strong,stɹˈɔːŋ,/strɔŋ/,google/gemma-2-9b-it
strongly,stɹˈɔːŋli,/ˈstrɔŋli/,google/gemma-2-9b-it
sublime,səblˈaɪm,/səˈblaɪm/,google/gemma-2-9b-it
suede,swˈeɪd,/swiːd/,google/gemma-2-9b-it
sunny,sˈʌni,/ˈsʌni/,google/gemma-2-9b-it
sunshine,sˈʌnʃˌaɪn,/ˈsʌnʃaɪn/,google/gemma-2-9b-it
supporter,səpˈɔːɹtɚ,/səˈpɔɹtər/,google/gemma-2-9b-it
suspend,səspˈɛnd,/səˈspɛnd/,google/gemma-2-9b-it
suspended,səspˈɛndəd,/səˈspɛndɪd/,google/gemma-2-9b-it
sustainability,səstˌeɪnəbˈɪlɪti,/ˌsʌstɛnəˈbɪlətɪ/,google/gemma-2-9b-it
swap,swˈɑːp,/swɑp/,google/gemma-2-9b-it
swiftly,swˈɪftli,/ˈswɪftli/,google/gemma-2-9b-it
swivel,swˈɪvəl,/ˈswɪvəl/,google/gemma-2-9b-it
symptom,sˈɪmptəm,/ˈsɪmp.təm/,google/gemma-2-9b-it
synthesis,sˈɪnθəsəs,/sɪnˈθɛsɪs/,google/gemma-2-9b-it
syrian,sˈɪɹiən,/ˈsɪriən/,google/gemma-2-9b-it
tang,tˈæŋ,/tæŋ/,google/gemma-2-9b-it
tapestry,tˈæpəstɹi,/ˈtæs.trɪ/,google/gemma-2-9b-it
tattoo,tætˈuː,/tæˈtuː/,google/gemma-2-9b-it
taught,tˈɔːt,/tɔːt/,google/gemma-2-9b-it
taxation,tæksˈeɪʃən,/ˌtæksɪˈeɪʃən/,google/gemma-2-9b-it
teaching,tˈiːtʃɪŋ,/ˈtɛtʃɪŋ/,google/gemma-2-9b-it
teaspoon,tˈiːspˌun,/ˈtiːspən/,google/gemma-2-9b-it
tech,tˈɛk,/tɛk/,google/gemma-2-9b-it
techno,tˈɛknoʊ,/ˈtekno/,google/gemma-2-9b-it
teller,tˈɛlɚ,/ˈtɛlər/,google/gemma-2-9b-it
temporarily,tˌɛmpɚˈɛɹəli,/ˈtɛmpərɛrɪli/,google/gemma-2-9b-it
temptation,tɛmtˈeɪʃən,/tɛmˈpteɪʃən/,google/gemma-2-9b-it
tension,tˈɛnʃən,/ˈtɛnʃən/,google/gemma-2-9b-it
terrified,tˈɛɹəfˌaɪd,/tɛrˈɪfɪd/,google/gemma-2-9b-it
terrifying,tˈɛɹəfˌaɪɪŋ,/tɛˈɹɪfaɪɪŋ/,google/gemma-2-9b-it
territorial,tˌɛɹɪtˈɔːɹiəl,/tɛrɪˈtɔːrɪəl/,google/gemma-2-9b-it
thereby,ðˈɛɹbˈaɪ,/ðɛɹˈbaɪ/,google/gemma-2-9b-it
thermal,θˈɚməl,/ˈθɜːrməl/,google/gemma-2-9b-it
thing,θˈɪŋ,/θɪŋ/,google/gemma-2-9b-it
things,θˈɪŋz,/θɪŋz/,google/gemma-2-9b-it
though,ðˈoʊ,/ðoʊ/,google/gemma-2-9b-it
three,θɹˈiː,/θriː/,google/gemma-2-9b-it
thriller,θɹˈɪlɚ,/ˈθɹɪlər/,google/gemma-2-9b-it
thrive,θɹˈaɪv,/θrʌɪv/,google/gemma-2-9b-it
thriving,θɹˈaɪvɪŋ,/ˈθraɪvɪŋ/,google/gemma-2-9b-it
tiffany,tˈɪfəni,/ˈtɪfəni/,google/gemma-2-9b-it
time,tˈaɪm,/taɪm/,google/gemma-2-9b-it
times,tˈaɪmz,/ˈtaɪmz/,google/gemma-2-9b-it
timing,tˈaɪmɪŋ,/ˈtaɪmɪŋ/,google/gemma-2-9b-it
togo,tˈoʊgoʊ,/toʊˈɡoʊ/,google/gemma-2-9b-it
tor,tˈɔːɹ,/tɔɹ/,google/gemma-2-9b-it
touch,tˈʌtʃ,/tʌtʃ/,google/gemma-2-9b-it
touched,tˈʌtʃt,/tʌtʃt/,google/gemma-2-9b-it
touches,tˈʌtʃəz,/ˈtʌtʃəz/,google/gemma-2-9b-it
touching,tˈʌtʃɪŋ,/ˈtʌtʃɪŋ/,google/gemma-2-9b-it
traits,tɹˈeɪts,/treɪts/,google/gemma-2-9b-it
trap,tɹˈæp,/trɑp/,google/gemma-2-9b-it
traps,tɹˈæps,/træps/,google/gemma-2-9b-it
trek,tɹˈɛk,/trɛk/,google/gemma-2-9b-it
trent,tɹˈɛnt,/ˈtrɛnt/,google/gemma-2-9b-it
tribal,tɹˈaɪbəl,/ˈtraɪbəl/,google/gemma-2-9b-it
tribune,tɹˈɪbjun,/ˈtrɪbjuːn/,google/gemma-2-9b-it
trivia,tɹˈɪviə,/trɪˈviːə/,google/gemma-2-9b-it
true,tɹˈuː,/truː/,google/gemma-2-9b-it
tub,tˈʌb,/tʌb/,google/gemma-2-9b-it
tunnel,tˈʌnəl,/ˈtʌnəl/,google/gemma-2-9b-it
twice,twˈaɪs,/twɪs/,google/gemma-2-9b-it
tyson,tˈaɪsən,/ˈtaɪsən/,google/gemma-2-9b-it
ultimately,ˈʌltəmətli,/ˈʌltɪmətli/,google/gemma-2-9b-it
ultra,ˈʌltɹə,/ˈʌltrə/,google/gemma-2-9b-it
unaware,ˌʌnəwˈɛɹ,/ʌnəˈwɛɹ/,google/gemma-2-9b-it
uncertain,ənsˈɚtən,/ʌnˈsɝːtən/,google/gemma-2-9b-it
uncommon,ənkˈɑːmən,/ʌnˈkʌmən/,google/gemma-2-9b-it
unfair,ənfˈɛɹ,/ʌnˈfɛər/,google/gemma-2-9b-it
unleash,ənlˈiːʃ,/ʌnˈliːʃ/,google/gemma-2-9b-it
unlimited,ənlˈɪmətəd,/ʌnˈlɪmɪtɪd/,google/gemma-2-9b-it
usher,ˈʌʃɚ,/ˈʌʃər/,google/gemma-2-9b-it
vegetarian,vˌɛdʒətˈɛɹiən,/ˌvɛdʒɪˈtɛɹiən/,google/gemma-2-9b-it
vegetation,vˌɛdʒətˈeɪʃən,/ˌvɛdʒɪˈteɪʃən/,google/gemma-2-9b-it
veil,vˈeɪl,/veɪl/,google/gemma-2-9b-it
versatile,vˈɚsətəl,/vɝˈsaɪtl/,google/gemma-2-9b-it
versatility,vˌɚsətˈɪləti,/vɝːˈsætɪləti/,google/gemma-2-9b-it
vessels,vˈɛsəlz,/ˈvɛsəlz/,google/gemma-2-9b-it
victim,vˈɪktəm,/ˈvɪktəm/,google/gemma-2-9b-it
vine,vˈaɪn,/vaɪn/,google/gemma-2-9b-it
violate,vˈaɪəleɪt,/ˈvaɪəˌleɪt/,google/gemma-2-9b-it
violated,vˈaɪəleɪtɪd,/vɪˈoʊlɪtɪd/,google/gemma-2-9b-it
violating,vˈaɪəleɪtɪŋ,/vʌɪˈoʊlɪtɪŋ/,google/gemma-2-9b-it
vulnerability,vˌʌlnɚəbˈɪlɪti,/vʌlˈnɛrəbɪlɪti/,google/gemma-2-9b-it
wade,wˈeɪd,/weɪd/,google/gemma-2-9b-it
warfare,wˈɔːɹfˌɛɹ,/ˈwɔːrfɛər/,google/gemma-2-9b-it
way,wˈeɪ,/weɪ/,google/gemma-2-9b-it
ways,wˈeɪz,/weɪz/,google/gemma-2-9b-it
weaker,wˈiːkɚ,/ˈwiːkər/,google/gemma-2-9b-it
weakness,wˈiːknəs,/ˈwiːknəs/,google/gemma-2-9b-it
wealthy,wˈɛlθi,/ˈwɛlθi/,google/gemma-2-9b-it
weapons,wˈɛpənz,/ˈwɛpənz/,google/gemma-2-9b-it
weave,wˈiːv,/wiːv/,google/gemma-2-9b-it
weaving,wˈiːvɪŋ,/ˈwiːvɪŋ/,google/gemma-2-9b-it
web,wˈɛb,/wɛb/,google/gemma-2-9b-it
webcam,wˈɛbkˌæm,/ˈwebkæm/,google/gemma-2-9b-it
wedge,wˈɛdʒ,/wɛdʒ/,google/gemma-2-9b-it
weigh,wˈeɪ,/weɪ/,google/gemma-2-9b-it
weighed,wˈeɪd,/weɪd/,google/gemma-2-9b-it
weighing,wˈeɪɪŋ,/ˈweɪ.ɪŋ/,google/gemma-2-9b-it
weighs,wˈeɪz,/weɪz/,google/gemma-2-9b-it
weight,wˈeɪt,/weɪt/,google/gemma-2-9b-it
weighted,wˈeɪtɪd,/ˈweɪtɪd/,google/gemma-2-9b-it
weights,wˈeɪts,/weɪts/,google/gemma-2-9b-it
welcome,wˈɛlkəm,/ˈwɛlkʌm/,google/gemma-2-9b-it
welcomed,wˈɛlkəmd,/ˈwɛlkəmd/,google/gemma-2-9b-it
well,wˈɛl,/wɛl/,google/gemma-2-9b-it
wells,wˈɛlz,/wɛlz/,google/gemma-2-9b-it
wharf,wˈɔːɹf,/wɔɹf/,google/gemma-2-9b-it
wichita,wˈɪtʃətˌɔ,/wɪˈtʃɪtə/,google/gemma-2-9b-it
wider,wˈaɪdɚ,/ˈwaɪdər/,google/gemma-2-9b-it
wii,wˈiː,/wiː/,google/gemma-2-9b-it
win,wˈɪn,/wɪn/,google/gemma-2-9b-it
wink,wˈɪŋk,/wɪŋk/,google/gemma-2-9b-it
winning,wˈɪnɪŋ,/ˈwɪnɪŋ/,google/gemma-2-9b-it
wins,wˈɪnz,/wɪnz/,google/gemma-2-9b-it
wire,wˈaɪɚ,/ˈwaɪər/,google/gemma-2-9b-it
wired,wˈaɪɚd,/ˈwaɪɹd/,google/gemma-2-9b-it
wires,wˈaɪɚz,/ˈwaɪərz/,google/gemma-2-9b-it
witch,wˈɪtʃ,/wɪtʃ/,google/gemma-2-9b-it
wool,wˈʊl,/wʊl/,google/gemma-2-9b-it
workflow,wˈɚkflˌoʊ,/ˈwɝːkˌfloʊ/,google/gemma-2-9b-it
woven,wˈoʊvən,/ˈwoʊvən/,google/gemma-2-9b-it
yelp,jˈɛlp,/jɛlp/,google/gemma-2-9b-it
yemen,jˈɛmən,/ˈjɛmən/,google/gemma-2-9b-it
zambia,zˈæmbiə,/zæˈmbiə/,google/gemma-2-9b-it
zip,zˈɪp,/zɪp/,google/gemma-2-9b-it
zodiac,zˈoʊdiˌæk,/zoʊˈdiæk/,google/gemma-2-9b-it
