grapheme,ground_truth_phoneme,predicted_phoneme,model
absolute,ˈæbsəlˌut,/ˈæbsəˌlut/,gpt-4o
academic,ˌækədˈɛmɪk,/ˌækəˈdɛmɪk/,gpt-4o
acceptance,æksˈɛptəns,/əkˈsɛptəns/,gpt-4o
accommodation,əkˌɑmədˈeɪʃən,/əˌkɑməˈdeɪʃən/,gpt-4o
accordance,əkˈɔːɹdəns,/əˈkɔɹdəns/,gpt-4o
acronyms,ˈækɹənɪmz,/ˈækɹəˌnɪmz/,gpt-4o
activist,ˈæktəvəst,/ˈæktɪvɪst/,gpt-4o
adaptive,ədˈæptɪv,/əˈdæptɪv/,gpt-4o
adhere,ədhˈɪɹ,/ədˈhɪɹ/,gpt-4o
admire,ædmˈaɪɹ,/ədˈmaɪɹ/,gpt-4o
admired,ədmˈaɪɚd,/ədˈmaɪɹd/,gpt-4o
advisory,ædvˈaɪzɚi,/ədˈvaɪzəɹi/,gpt-4o
afraid,əfɹˈeɪd,/əˈfɹeɪd/,gpt-4o
afro,ˈæfɹoʊ,/ˈæfɹoʊ/,gpt-4o
agnes,ˈægnɪs,The General American English phonemic transcription for 'Agnes' is /ˈæɡnəs/.,gpt-4o
agreement,əgɹˈiːmənt,/əˈɡɹimənt/,gpt-4o
alert,əlˈɚt,/əˈlɝt/,gpt-4o
allergic,əlˈɚdʒɪk,/əˈlɝdʒɪk/,gpt-4o
alphabet,ˈælfəbˌɛt,/ˈælfəˌbɛt/,gpt-4o
alps,ˈælps,The General American English phonemic transcription for 'alps' is /ælps/.,gpt-4o
ama,ˈɑːmə,/əˈmɑ/,gpt-4o
amp,ˈæmp,The General American English phonemic transcription for 'amp' is /æmp/.,gpt-4o
amps,ˈæmps,/æmps/,gpt-4o
analytical,ˌænəlˈɪtɪkəl,/ˌænəˈlɪtɪkəl/,gpt-4o
anchorage,ˈæŋkɚədʒ,/ˈæŋkəɹɪdʒ/,gpt-4o
answer,ˈænsɚ,/ˈænsɚ/,gpt-4o
answers,ˈænsɚz,/ˈænsɚz/,gpt-4o
anthem,ˈænθəm,The General American English phonemic transcription for 'anthem' is /ˈænθəm/.,gpt-4o
anthropology,ˌænθɹəpˈɑːlədʒi,/ˌænθɹəˈpɑlədʒi/,gpt-4o
apologize,əpˈɑːlədʒˌaɪz,/əˈpɑlədʒaɪz/,gpt-4o
apparently,əpˈɛɹəntli,/əˈpɛɹəntli/,gpt-4o
approximately,əpɹˈɑːksəmətli,/əˈpɹɑksɪmətli/,gpt-4o
aruba,ɚˈuːbə,/əˈɹubə/,gpt-4o
ascent,əsˈɛnt,/əˈsɛnt/,gpt-4o
ask,ˈæsk,/æsk/,gpt-4o
asks,ˈæsks,/æsks/,gpt-4o
aspire,əspˈaɪɹ,/əˈspaɪɹ/,gpt-4o
assembly,əsˈɛmbli,/əˈsɛmbli/,gpt-4o
attentive,ətˈɛntɪv,/əˈtɛntɪv/,gpt-4o
attitude,ˈætətˌud,/ˈætɪˌtud/,gpt-4o
attract,ətɹˈækt,/əˈtɹækt/,gpt-4o
attracted,ətɹˈæktəd,/əˈtɹæktɪd/,gpt-4o
auction,ˈɑːkʃən,The General American English phonemic transcription for 'auction' is /ˈɔkʃən/.,gpt-4o
automobile,ˈɔːtəmoʊbˌil,/ˈɔtəmoʊˌbiːl/,gpt-4o
awake,əwˈeɪk,/əˈweɪk/,gpt-4o
azerbaijani,ˌɑzɚbaɪdʒˈɑːni,/ˌæzɚbaɪˈdʒɑni/,gpt-4o
bahamas,bəhˈɑːməz,/bəˈhɑməz/,gpt-4o
barber,bˈɑːɹbɚ,/ˈbɑɹbɚ/,gpt-4o
basement,bˈeɪsmənt,/ˈbeɪsmənt/,gpt-4o
basketball,bˈæskətbˌɔl,/ˈbæskɪtˌbɔl/,gpt-4o
bathtub,bˈæθtəb,/ˈbæθˌtʌb/,gpt-4o
baxter,bˈækstɚ,/ˈbækstɚ/,gpt-4o
beautifully,bjˈuːtəfli,/ˈbjuːtəfəli/,gpt-4o
beauty,bjˈuːti,/ˈbjuːti/,gpt-4o
beaver,bˈiːvɚ,/ˈbiːvɚ/,gpt-4o
behalf,bɪhˈæf,/bɪˈhæf/,gpt-4o
beings,bˈiːɪŋz,/ˈbiɪŋz/,gpt-4o
belong,bɪlˈɔːŋ,/bɪˈlɔŋ/,gpt-4o
belonged,bɪlˈɔːŋd,/bɪˈlɔŋd/,gpt-4o
belonging,bɪlˈɔːŋɪŋ,/bɪˈlɔŋɪŋ/,gpt-4o
belongs,bɪlˈɔːŋz,/bɪˈlɔŋz/,gpt-4o
bend,bˈɛnd,/bɛnd/,gpt-4o
bending,bˈɛndɪŋ,/bɛndɪŋ/,gpt-4o
beneficial,bˌɛnəfˈɪʃəl,/ˌbɛnəˈfɪʃəl/,gpt-4o
bent,bˈɛnt,/bɛnt/,gpt-4o
bethany,bˈɛθəni,/bɛθəni/,gpt-4o
bid,bˈɪd,/bɪd/,gpt-4o
bidding,bˈɪdɪŋ,/bɪdɪŋ/,gpt-4o
bids,bˈɪdz,/bɪdz/,gpt-4o
biker,bˈaɪkɚ,/ˈbaɪkɚ/,gpt-4o
bingo,bˈɪŋgoʊ,/ˈbɪŋɡoʊ/,gpt-4o
bird,bˈɚd,/bɝd/,gpt-4o
birds,bˈɚdz,/bɝdz/,gpt-4o
blair,blˈɛɹ,/blɛɹ/,gpt-4o
blazer,blˈeɪzɚ,/bleɪzɚ/,gpt-4o
blew,blˈuː,/blu/,gpt-4o
bling,blˈaɪn,/blɪŋ/,gpt-4o
bliss,blˈɪs,/blɪs/,gpt-4o
blitz,blˈɪts,/blɪts/,gpt-4o
blow,blˈoʊ,/bloʊ/,gpt-4o
blown,blˈoʊn,/bloʊn/,gpt-4o
blows,blˈoʊz,/bloʊz/,gpt-4o
bondage,bˈɑːndɪdʒ,/bɑndɪdʒ/,gpt-4o
bonus,bˈoʊnəs,/ˈboʊnəs/,gpt-4o
boone,bˈuːn,/bun/,gpt-4o
boot,bˈuːt,/buːt/,gpt-4o
boots,bˈuːts,/buːts/,gpt-4o
bordeaux,bɔɹdˈoʊ,The General American English phonemic transcription for 'bordeaux' is /bɔɹˈdoʊ/.,gpt-4o
border,bˈɔːɹdɚ,/ˈbɔɹdɚ/,gpt-4o
borders,bˈɔːɹdɚz,/ˈbɔɹdɚz/,gpt-4o
born,bˈɔːɹn,/bɔɹn/,gpt-4o
bottom,bˈɑːtəm,/ˈbɑtəm/,gpt-4o
bottoms,bˈɑːtəmz,/ˈbɑtəmz/,gpt-4o
box,bˈɑːks,/bɑks/,gpt-4o
boxes,bˈɑːksəz,/ˈbɑksɪz/,gpt-4o
boxing,bˈɑːksɪŋ,/ˈbɑksɪŋ/,gpt-4o
brass,bɹˈæs,/bræs/,gpt-4o
breeze,bɹˈiːz,/bɹiz/,gpt-4o
brett,bɹˈɛt,/bɹɛt/,gpt-4o
brewing,bɹˈuːɪŋ,/bɹuɪŋ/,gpt-4o
bridal,bɹˈaɪdəl,/ˈbɹaɪdəl/,gpt-4o
brigade,bɹəgˈeɪd,/brɪˈɡeɪd/,gpt-4o
brit,bɹˈɪt,/bɹɪt/,gpt-4o
broker,bɹˈoʊkɚ,/ˈbɹoʊkɚ/,gpt-4o
brotherhood,bɹˈʌðɚhˌʊd,/ˈbɹʌðɚˌhʊd/,gpt-4o
brutal,bɹˈuːtəl,/brutəl/,gpt-4o
bulk,bˈʌlk,/bʌlk/,gpt-4o
bunny,bˈʌni,/ˈbʌni/,gpt-4o
burst,bˈɚst,/bɝst/,gpt-4o
bursting,bˈɚstɪŋ,/bɝstɪŋ/,gpt-4o
burundi,bɚˈʌndi,/bəˈɹʊndi/,gpt-4o
businesses,bˈɪznəsəz,/ˈbɪznəsɪz/,gpt-4o
but,bˈʌt,/bʌt/,gpt-4o
by,bˈaɪ,/baɪ/,gpt-4o
bye,bˈaɪ,/baɪ/,gpt-4o
bypass,bˈaɪpˌæs,/ˈbaɪˌpæs/,gpt-4o
cafe,kəfˈeɪ,/kæˈfeɪ/,gpt-4o
calculator,kˈælkjəlˌeɪtɚ,/ˈkælkjəˌleɪtɚ/,gpt-4o
calibration,kˌæləbɹˈeɪʃən,/ˌkæləˈbɹeɪʃən/,gpt-4o
caller,kˈɔːlɚ,/ˈkɔlɚ/,gpt-4o
calorie,kˈælɚi,/ˈkæləri/,gpt-4o
cambridge,kˈeɪmbɹɪdʒ,/ˈkeɪmbrɪdʒ/,gpt-4o
came,kˈeɪm,/keɪm/,gpt-4o
capital,kˈæpətəl,/ˈkæpɪtəl/,gpt-4o
catalyst,kˈætələst,/ˈkætəlɪst/,gpt-4o
cautious,kˈɔːʃəs,/kɔʃəs/,gpt-4o
cd,sˈiːdˈiː,The General American English phonemic transcription for 'cd' is /ˌsiˈdiː/.,gpt-4o
cecilia,sɪsˈiːljə,/səˈsɪliə/,gpt-4o
centennial,sɛntˈɛniəl,/sɛnˈtɛniəl/,gpt-4o
centre,sˈɛntɚ,The General American English phonemic transcription for 'centre' is /ˈsɛntɚ/.,gpt-4o
centres,sˈɛntɚz,The General American English phonemic transcription for 'centres' is /ˈsɛntɚz/.,gpt-4o
certainty,sˈɚtənti,/ˈsɝtənti/,gpt-4o
chang,tʃˈæŋ,"The word 'chang' does not have a standard pronunciation in General American English as it is not a common English word. However, if we treat it as a proper noun or a name, it might be pronounced as /tʃæŋ/.",gpt-4o
characteristic,kˌɛɹəktɚˈɪstɪk,/ˌkɛɹɪktəˈɹɪstɪk/,gpt-4o
chat,tʃˈæt,/tʃæt/,gpt-4o
chats,tʃˈæts,/tʃæts/,gpt-4o
chatting,tʃˈætɪŋ,/ˈtʃætɪŋ/,gpt-4o
cheat,tʃˈiːt,/tʃiːt/,gpt-4o
cheating,tʃˈiːtɪŋ,/ˈtʃiːtɪŋ/,gpt-4o
cheats,tʃˈiːts,/tʃiːts/,gpt-4o
chef,ʃˈɛf,/ʃɛf/,gpt-4o
chest,tʃˈɛst,/tʃɛst/,gpt-4o
chests,tʃˈɛsts,/tʃɛsts/,gpt-4o
chevron,ʃˈɛvɹən,/ˈʃɛvɹən/,gpt-4o
chic,ʃˈiːk,/ʃik/,gpt-4o
chicken,tʃˈɪkən,/ˈtʃɪkən/,gpt-4o
chickens,tʃˈɪkənz,/ˈtʃɪkənz/,gpt-4o
chrome,kɹˈoʊm,/kɹoʊm/,gpt-4o
clash,klˈæʃ,The General American English phonemic transcription for 'clash' is /klæʃ/.,gpt-4o
clearance,klˈɪɹəns,/ˈklɪɹəns/,gpt-4o
climax,klˈaɪmˌæks,/ˈklaɪmæks/,gpt-4o
clinton,klˈɪntən,/ˈklɪntən/,gpt-4o
cloves,klˈoʊvz,/kloʊvz/,gpt-4o
clutter,klˈʌtɚ,/ˈklʌtɚ/,gpt-4o
coalition,kˌoʊəlˈɪʃən,/ˌkoʊəˈlɪʃən/,gpt-4o
code,kˈoʊd,/kod/,gpt-4o
codes,kˈoʊdz,/kodz/,gpt-4o
col,kˈoʊl,/kɑl/,gpt-4o
cole,kˈoʊl,/koʊl/,gpt-4o
colleague,kˈɑːlig,/kɑˈliɡ/,gpt-4o
colleagues,kˈɑːligz,/kɑːliɡz/,gpt-4o
collected,kəlˈɛktəd,/kəˈlɛktɪd/,gpt-4o
collecting,kəlˈɛktɪŋ,/kəˈlɛktɪŋ/,gpt-4o
color,kˈʌlɚ,/ˈkʌlɚ/,gpt-4o
colored,kˈʌlɚd,/ˈkʌlɚd/,gpt-4o
colors,kˈʌlɚz,/ˈkʌlɚz/,gpt-4o
comeback,kˈʌmbˌæk,/ˈkʌmbæk/,gpt-4o
comet,kˈɑːmət,/ˈkɑmɪt/,gpt-4o
comfy,kˈʌmfi,/ˈkʌmfi/,gpt-4o
commerce,kˈɑːmɚs,/ˈkɑmɝs/,gpt-4o
commonly,kˈɑːmənli,/ˈkɑmənli/,gpt-4o
commute,kəmjˈuːt,/kəˈmjut/,gpt-4o
comp,kˈɑːmp,/kɑmp/,gpt-4o
compartment,kəmpˈɑːɹtmənt,/kəmˈpɑɹtmənt/,gpt-4o
complaints,kəmplˈeɪnts,/kəmˈpleɪnts/,gpt-4o
completely,kəmplˈiːtli,/kəmˈplitli/,gpt-4o
compute,kəmpjˈuːt,/kəmˈpjut/,gpt-4o
computing,kəmpjˈuːtɪŋ,/kəmˈpjutɪŋ/,gpt-4o
con,kˈɑːn,/kɑn/,gpt-4o
conclude,kənklˈuːd,/kənˈklud/,gpt-4o
concluded,kənklˈuːdəd,/kənˈkludɪd/,gpt-4o
concludes,kənklˈuːdz,/kənˈkludz/,gpt-4o
condominium,kˌɑndəmˈɪniəm,/kɑndəˈmɪniəm/,gpt-4o
confession,kənfˈɛʃən,/kənˈfɛʃən/,gpt-4o
confetti,kənfˈɛti,/kənˈfɛti/,gpt-4o
configure,kənfˈɪgjɚ,/kənˈfɪɡjɚ/,gpt-4o
connections,kənˈɛkʃənz,/kəˈnɛkʃənz/,gpt-4o
consent,kənsˈɛnt,/kənˈsɛnt/,gpt-4o
consider,kənsˈɪdɚ,/kənˈsɪdɚ/,gpt-4o
consideration,kənsˌɪdɚˈeɪʃən,/kənˌsɪdəˈɹeɪʃən/,gpt-4o
consideration,kənsˌɪdɚˈeɪʃən,/kənˌsɪdəˈɹeɪʃən/,gpt-4o
considered,kənsˈɪdɚd,/kənˈsɪdɚd/,gpt-4o
considering,kənsˈɪdɚɪŋ,/kənˈsɪdɚɪŋ/,gpt-4o
considers,kənsˈɪdɚz,/kənˈsɪdɚz/,gpt-4o
constitute,kˈɑːnstətˌut,/ˈkɑnstɪˌtut/,gpt-4o
constitutes,kˈɑːnstətˌuts,/kɑnstɪˌtuts/,gpt-4o
consumption,kənsˈʌmpʃən,/kənˈsʌmpʃən/,gpt-4o
contingent,kəntˈɪndʒənt,/kənˈtɪndʒənt/,gpt-4o
continuously,kəntˈɪnjuəsli,/kənˈtɪnjuəsli/,gpt-4o
continuum,kəntˈɪnjuəm,/kənˈtɪnjuəm/,gpt-4o
controller,kəntɹˈoʊlɚ,/kənˈtɹoʊlɚ/,gpt-4o
converted,kənvˈɚtɪd,/kənˈvɝtɪd/,gpt-4o
convince,kənvˈɪns,/kənˈvɪns/,gpt-4o
convinced,kənvˈɪnst,/kənˈvɪnst/,gpt-4o
convincing,kənvˈɪnsɪŋ,/kənˈvɪnsɪŋ/,gpt-4o
cookbook,kˈʊkbˌʊk,/kʊkˌbʊk/,gpt-4o
cooker,kˈʊkɚ,/ˈkʊkɚ/,gpt-4o
cookies,kˈʊkiz,/ˈkʊkiz/,gpt-4o
cor,kˈɔːɹ,"The word 'cor' is not a standard English word, but if you are referring to the pronunciation of the root as it might appear in a name or abbreviation, it would likely be /kɔɹ/ in General American English.",gpt-4o
corrections,kɚˈɛkʃənz,/kəˈɹɛkʃənz/,gpt-4o
correspondent,kˌɔɹəspˈɑːndənt,/kɔɹəˈspɑndənt/,gpt-4o
corruption,kɚˈʌpʃən,/kəˈɹʌpʃən/,gpt-4o
cosy,kˈoʊzi,The General American English phonemic transcription for 'cosy' is /ˈkoʊzi/.,gpt-4o
cougar,kˈuːgɚ,/ˈkuɡɚ/,gpt-4o
counter,kˈaʊntɚ,/ˈkaʊntɚ/,gpt-4o
countries,kˈʌntɹiz,/kʌnˌtɹiz/,gpt-4o
courses,kˈɔːɹsəz,/kɔɹsɪz/,gpt-4o
courteous,kˈɚtiəs,/ˈkɝtiəs/,gpt-4o
cpu,kˈuː,/ˌsiːpiːˈjuː/,gpt-4o
cradle,kɹˈeɪdəl,/ˈkɹeɪdəl/,gpt-4o
crash,kɹˈæʃ,/kɹæʃ/,gpt-4o
crashed,kɹˈæʃt,/kɹæʃt/,gpt-4o
crashes,kɹˈæʃɪz,The General American English phonemic transcription for 'crashes' is /ˈkɹæʃɪz/.,gpt-4o
crashing,kɹˈæʃɪŋ,/ˈkɹæʃɪŋ/,gpt-4o
crazy,kɹˈeɪzi,/kɹeɪzi/,gpt-4o
creamy,kɹˈiːmi,/ˈkɹiːmi/,gpt-4o
creed,kɹˈiːd,/kɹiːd/,gpt-4o
creep,kɹˈiːp,/kɹiːp/,gpt-4o
crest,kɹˈɛst,/kɹɛst/,gpt-4o
crib,kɹˈɪb,/kɹɪb/,gpt-4o
cricket,kɹˈɪkət,/ˈkɹɪkɪt/,gpt-4o
criminal,kɹˈɪmənəl,/ˈkɹɪmɪnəl/,gpt-4o
croatian,kɹoʊˈeɪʃən,/kɹoʊˈeɪʃən/,gpt-4o
crochet,kɹoʊʃˈeɪ,/kroʊˈʃeɪ/,gpt-4o
crush,kɹˈʌʃ,/kɹʌʃ/,gpt-4o
crushed,kɹˈʌʃt,/kɹʌʃt/,gpt-4o
crushing,kɹˈʌʃɪŋ,The General American English phonemic transcription for 'crushing' is /ˈkɹʌʃɪŋ/.,gpt-4o
cubic,kjˈuːbɪk,/kjuːbɪk/,gpt-4o
cuisine,kwɪzˈiːn,/kwiˈzin/,gpt-4o
cumming,kˈʌmɪŋ,The General American English phonemic transcription for 'cumming' is /ˈkʌmɪŋ/.,gpt-4o
custody,kˈʌstədi,/ˈkʌstədi/,gpt-4o
customer,kˈʌstəmɚ,/ˈkʌstəmɚ/,gpt-4o
customers,kˈʌstəmɚz,/ˈkʌstəmɚz/,gpt-4o
cutter,kˈʌtɚ,/ˈkʌɾɚ/,gpt-4o
cylinder,sˈɪləndɚ,/sɪˈlɪndɚ/,gpt-4o
dame,dˈeɪm,/dem/,gpt-4o
dare,dˈɛɹ,/dɛɹ/,gpt-4o
death,dˈɛθ,/deθ/,gpt-4o
debit,dˈɛbɪt,/ˈdɛbɪt/,gpt-4o
debut,deɪbjˈuː,/deɪˈbju/,gpt-4o
debuts,dˈeɪbjuz,/deɪˈbjuːz/,gpt-4o
decay,dəkˈeɪ,/dɪˈkeɪ/,gpt-4o
decide,dɪsˈaɪd,/dɪˈsaɪd/,gpt-4o
deciding,dəsˈaɪdɪŋ,/dɪˈsaɪdɪŋ/,gpt-4o
delaware,dˈɛləwˌɛɹ,/dɛləˌwɛɹ/,gpt-4o
deli,dˈɛli,/dɛli/,gpt-4o
deliver,dɪlˈɪvɚ,/dɪˈlɪvɚ/,gpt-4o
delivered,dɪlˈɪvɚd,/dɪˈlɪvɚd/,gpt-4o
delta,dˈɛltə,/ˈdɛltə/,gpt-4o
demo,dˈɛmoʊ,/ˈdɛmoʊ/,gpt-4o
democratic,dˌɛməkɹˈætɪk,/dɛməˈkɹætɪk/,gpt-4o
demos,dˈɛmˌoʊz,/ˈdɛmoʊz/,gpt-4o
denver,dˈɛnvɚ,/ˈdɛnvɚ/,gpt-4o
depression,dɪpɹˈɛʃən,/dɪˈpɹɛʃən/,gpt-4o
derry,dˈɛɹi,/ˈdɛɹi/,gpt-4o
design,dɪzˈaɪn,/dɪˈzaɪn/,gpt-4o
designed,dɪzˈaɪnd,/dɪˈzaɪnd/,gpt-4o
designs,dɪzˈaɪnz,/dɪˈzaɪnz/,gpt-4o
dessert,dɪzˈɚt,/dɪˈzɝt/,gpt-4o
determine,dətˈɚmən,/dɪˈtɝmɪn/,gpt-4o
determined,dɪtˈɚmənd,/dɪˈtɝmɪnd/,gpt-4o
devotional,dɪvˈoʊʃənəl,/dɪˈvoʊʃənl̩/,gpt-4o
differentiate,dˌɪfɚˈɛnʃiˌeɪt,/dɪfəˈɹɛnʃiˌeɪt/,gpt-4o
dirty,dˈɚti,/ˈdɝti/,gpt-4o
disc,dˈɪsk,/dɪsk/,gpt-4o
disciplinary,dˈɪsəplənˌɛɹi,/ˈdɪsəplɪˌnɛɹi/,gpt-4o
discoveries,dɪskˈʌvɚiz,/dɪsˈkʌvɚiz/,gpt-4o
discreet,dɪskɹˈiːt,/dɪˈskɹiːt/,gpt-4o
discussion,dɪskˈʌʃən,/dɪˈskʌʃən/,gpt-4o
disney,dˈɪzni,/ˈdɪzni/,gpt-4o
disneyland,dˈɪznilˌænd,/dɪzniˌlænd/,gpt-4o
dispose,dɪspˈoʊz,/dɪsˈpoʊz/,gpt-4o
disruption,dɪsɹˈʌpʃən,/dɪsˈɹʌpʃən/,gpt-4o
distinctive,dɪstˈɪŋktɪv,/dɪˈstɪŋktɪv/,gpt-4o
distinguish,dɪstˈɪŋgwɪʃ,/dɪˈstɪŋɡwɪʃ/,gpt-4o
distinguished,dɪstˈɪŋgwɪʃt,/dɪˈstɪŋɡwɪʃt/,gpt-4o
dna,dˈiːˌɛnˈeɪ,/ˌdiːˌɛnˈeɪ/,gpt-4o
doubt,dˈaʊt,/dɑʊt/,gpt-4o
doubts,dˈaʊts,/daʊts/,gpt-4o
dough,dˈoʊ,/doʊ/,gpt-4o
dozen,dˈʌzən,/ˈdʌzən/,gpt-4o
dramatic,dɹəmˈætɪk,/drəˈmætɪk/,gpt-4o
dug,dˈʌg,/dʌɡ/,gpt-4o
duke,dˈuːk,/djuk/,gpt-4o
dummies,dˈʌmiz,/dʌmiz/,gpt-4o
dummy,dˈʌmi,/dʌmi/,gpt-4o
dunk,dˈʌŋk,/dʌŋk/,gpt-4o
duplication,djˌupləkˈeɪʃən,/ˌdupləˈkeɪʃən/,gpt-4o
dust,dˈʌst,/dʌst/,gpt-4o
dwarf,dwˈɔːɹf,/dwɔɹf/,gpt-4o
dynasty,dˈaɪnəsti,/ˈdaɪnəsti/,gpt-4o
earn,ˈɚn,/ɝn/,gpt-4o
earned,ˈɚnd,/ɝnd/,gpt-4o
earns,ˈɚnz,/ɝnz/,gpt-4o
easton,ˈiːstən,/ˈistən/,gpt-4o
ecological,ikəlˈɑːdʒɪkəl,/ˌikəˈlɑdʒɪkəl/,gpt-4o
ecuador,ˈɛkwədˌɔɹ,/ˈɛkwədɔɹ/,gpt-4o
edgar,ˈɛdgɚ,/ˈɛdɡɚ/,gpt-4o
eileen,aɪlˈiːn,/aɪˈlin/,gpt-4o
elder,ˈɛldɚ,/ˈɛldɚ/,gpt-4o
elderly,ˈɛldɚli,/ˈɛldɚli/,gpt-4o
elders,ˈɛldɚz,/ˈɛldɚz/,gpt-4o
election,ɪlˈɛkʃən,/ɪˈlɛkʃən/,gpt-4o
electrical,ɪlˈɛktɹɪkəl,/ɪˈlɛktɹɪkəl/,gpt-4o
elm,ˈɛlm,/ɛlm/,gpt-4o
elusive,ɪlˈuːsɪv,/ɪˈlusɪv/,gpt-4o
emerald,ˈɛmɹəld,/ˈɛmɚəld/,gpt-4o
engagement,ɛngˈeɪdʒmənt,/ɪnˈɡeɪdʒmənt/,gpt-4o
enhance,ɛnhˈæns,/ɪnˈhæns/,gpt-4o
enthusiastic,ɪnθˌuziˈæstɪk,/ɪnˌθuziˈæstɪk/,gpt-4o
enzyme,ˈɛnzˌaɪm,/ˈɛnzaɪm/,gpt-4o
equally,ˈiːkwəli,/ˈikwəli/,gpt-4o
equip,ɪkwˈɪp,/ɪˈkwɪp/,gpt-4o
equipped,ɪkwˈɪpt,/ɪˈkwɪpt/,gpt-4o
erin,ˈɛɹɪn,/ˈɛɹɪn/,gpt-4o
erosion,ɪɹˈoʊʒən,/ɪˈɹoʊʒən/,gpt-4o
essentially,ɪsˈɛnʃəli,/ɪˈsɛnʃəli/,gpt-4o
estate,ɪstˈeɪt,/ɪˈsteɪt/,gpt-4o
estimation,ˌɛstəmˈeɪʃən,/ˌɛstəˈmeɪʃən/,gpt-4o
estonia,ɛstˈoʊniə,/ɛˈstoʊniə/,gpt-4o
europa,jʊɹˈoʊpə,/jʊˈɹoʊpə/,gpt-4o
examined,ɪgzˈæmənd,/ɪɡˈzæmɪnd/,gpt-4o
examining,ɪgzˈæmɪnɪŋ,/ɪɡˈzæmɪnɪŋ/,gpt-4o
exceed,ɪksˈiːd,/ɪkˈsid/,gpt-4o
exceeding,ɪksˈiːdɪŋ,/ɪkˈsiːdɪŋ/,gpt-4o
excel,ɪksˈɛl,/ɪkˈsɛl/,gpt-4o
exceptions,ɪksˈɛpʃənz,/ɪkˈsɛpʃənz/,gpt-4o
excited,ɪksˈaɪtəd,/ɪkˈsaɪtɪd/,gpt-4o
exciting,ɪksˈaɪtɪŋ,/ɪkˈsaɪtɪŋ/,gpt-4o
expansive,ɪkspˈænsɪv,/ɪkˈspænsɪv/,gpt-4o
expectation,ˌɛkspɛktˈeɪʃən,/ˌɛkspɛkˈteɪʃən/,gpt-4o
experiential,ɛkspˌɛɹiˈɛnʃəl,/ɪkˌspɪɹiˈɛnʃəl/,gpt-4o
explained,ɪksplˈeɪnd,/ɪkˈspleɪnd/,gpt-4o
exploration,ˌɛksplɚˈeɪʃən,/ˌɛkspləˈɹeɪʃən/,gpt-4o
expressive,ɪkspɹˈɛsɪv,/ɪkˈspɹɛsɪv/,gpt-4o
extras,ˈɛkstɹəz,/ˈɛkstrəz/,gpt-4o
eyebrows,ˈaɪbɹˌaʊz,/aɪˌbɹaʊz/,gpt-4o
fa,fˈɑː,/fa/,gpt-4o
facial,fˈeɪʃəl,The General American English phonemic transcription for 'facial' is /ˈfeɪʃəl/.,gpt-4o
fandom,fˈændəm,/fændəm/,gpt-4o
father,fˈɑːðɚ,/ˈfɑðɚ/,gpt-4o
fathers,fˈɑːðɚz,/fɑðɚz/,gpt-4o
fed,fˈɛd,/fɛd/,gpt-4o
feeding,fˈiːdɪŋ,/ˈfidɪŋ/,gpt-4o
fictional,fˈɪkʃənəl,/ˈfɪkʃənl̩/,gpt-4o
fifty,fˈɪfti,/fɪfti/,gpt-4o
filler,fˈɪlɚ,/fɪlɚ/,gpt-4o
fin,fˈɪn,/fɪn/,gpt-4o
final,fˈaɪnəl,/faɪnəl/,gpt-4o
firm,fˈɚm,/fɝm/,gpt-4o
firstly,fˈɚstli,/fɝstli/,gpt-4o
fitness,fˈɪtnəs,/ˈfɪtnəs/,gpt-4o
flawless,flˈɔːləs,/flɔləs/,gpt-4o
flint,flˈɪnt,/flɪnt/,gpt-4o
foolish,fˈuːlɪʃ,/ˈfuːlɪʃ/,gpt-4o
formation,fɔɹmˈeɪʃən,/fɔɹˈmeɪʃən/,gpt-4o
fraction,fɹˈækʃən,/fɹækʃən/,gpt-4o
frances,fɹˈænsɪs,The General American English phonemic transcription for 'frances' is /ˈfɹænsɪz/.,gpt-4o
frederick,fɹˈɛdɹɪk,/ˈfɹɛdɹɪk/,gpt-4o
freshman,fɹˈɛʃmən,/fɹɛʃmən/,gpt-4o
frost,fɹˈɔːst,/fɹɔst/,gpt-4o
frustration,fɹəstɹˈeɪʃən,/frʌˈstɹeɪʃən/,gpt-4o
fullest,fˈʊləst,/ˈfʊləst/,gpt-4o
furnished,fˈɚnɪʃt,/fɝnɪʃt/,gpt-4o
fuse,fjˈuːz,/fjuːz/,gpt-4o
fuses,fjˈuːzəz,/fjuːzɪz/,gpt-4o
fyi,fˈaɪ,/fˌɛfwaɪˈaɪ/,gpt-4o
gaga,gˈeɪgə,/ˈɡɑɡɑ/,gpt-4o
galore,gəlˈɔːɹ,/ɡəˈlɔɹ/,gpt-4o
game,gˈeɪm,/ɡeɪm/,gpt-4o
games,gˈeɪmz,/gɛɪmz/,gpt-4o
gaming,gˈeɪmɪŋ,/ˈɡeɪmɪŋ/,gpt-4o
gaping,gˈeɪpɪŋ,/ˈɡeɪpɪŋ/,gpt-4o
genre,ʒˈɑːnɹə,/ˈʒɑnɹə/,gpt-4o
ghetto,gˈɛtoʊ,/ˈɡɛtoʊ/,gpt-4o
gift,gˈɪft,/gɪft/,gpt-4o
gifted,gˈɪftəd,/ˈɡɪftɪd/,gpt-4o
gifting,gˈɪftɪŋ,/ˈɡɪftɪŋ/,gpt-4o
gifts,gˈɪfts,/gɪfts/,gpt-4o
gingerbread,dʒˈɪndʒɚbɹˌɛd,/ˈdʒɪndʒɚˌbɹɛd/,gpt-4o
girls,gˈɚlz,/gɝlz/,gpt-4o
glaze,glˈeɪz,/gl eɪ z/,gpt-4o
glazed,glˈeɪzd,/glɛɪzd/,gpt-4o
glazing,glˈeɪzɪŋ,/gl eɪ z ɪ ŋ/,gpt-4o
glimpse,glˈɪmps,/glɪmps/,gpt-4o
global,glˈoʊbəl,/ˈɡloʊbəl/,gpt-4o
glory,glˈɔːɹi,/glɔɹi/,gpt-4o
gotta,gˈɑːtə,/ˈɡɑɾə/,gpt-4o
gov,gˈʌv,/gʌv/,gpt-4o
governments,gˈʌvɚmənts,/ˈɡʌvɚnmənts/,gpt-4o
grace,gɹˈeɪs,/greɪs/,gpt-4o
greatest,gɹˈeɪtəst,/ˈɡɹeɪtəst/,gpt-4o
greatly,gɹˈeɪtli,/ˈɡɹeɪtli/,gpt-4o
group,gɹˈuːp,/ɡɹup/,gpt-4o
grouped,gɹˈuːpt,/ɡɹupt/,gpt-4o
grouping,gɹˈuːpɪŋ,/ˈɡɹupɪŋ/,gpt-4o
groups,gɹˈuːps,/grups/,gpt-4o
guide,gˈaɪd,/ɡaɪd/,gpt-4o
guided,gˈaɪdəd,/ˈɡaɪdɪd/,gpt-4o
guides,gˈaɪdz,/ɡaɪdz/,gpt-4o
guiding,gˈaɪdɪŋ,/ˈɡaɪdɪŋ/,gpt-4o
guilt,gˈɪlt,/gɪlt/,gpt-4o
gym,dʒˈɪm,/dʒɪm/,gpt-4o
gyms,dʒˈɪmz,/dʒɪmz/,gpt-4o
halfway,hˈæfwˈeɪ,/hæfˈweɪ/,gpt-4o
ham,hˈæm,/hæm/,gpt-4o
hand,hˈænd,/hænd/,gpt-4o
handed,hˈændəd,/ˈhændɪd/,gpt-4o
handing,hˈændɪŋ,/ˈhændɪŋ/,gpt-4o
handler,hˈændlɚ,/ˈhændlɚ/,gpt-4o
hands,hˈændz,/hændz/,gpt-4o
hannah,hˈænə,/ˈhænə/,gpt-4o
hanover,hˈænoʊvɚ,/ˈhænoʊvɚ/,gpt-4o
happen,hˈæpən,/hæpən/,gpt-4o
happened,hˈæpənd,/hæpənd/,gpt-4o
happens,hˈæpənz,/hæpənz/,gpt-4o
hard,hˈɑːɹd,/hɑɹd/,gpt-4o
hardly,hˈɑːɹdli,/ˈhɑɹdli/,gpt-4o
harmful,hˈɑːɹmfəl,/hɑɹmfəl/,gpt-4o
hatch,hˈætʃ,The General American English phonemic transcription for 'hatch' is /hætʃ/.,gpt-4o
havana,həvˈænə,/həˈvænə/,gpt-4o
head,hˈɛd,/hɛd/,gpt-4o
headed,hˈɛdəd,/ˈhɛdɪd/,gpt-4o
heading,hˈɛdɪŋ,/ˈhɛdɪŋ/,gpt-4o
heads,hˈɛdz,/hɛdz/,gpt-4o
heartbeat,hˈɑːɹtbˌit,/hɑɹtbit/,gpt-4o
helm,hˈɛlm,/hɛlm/,gpt-4o
helper,hˈɛlpɚ,/ˈhɛlpɚ/,gpt-4o
helpful,hˈɛlpfəl,/ˈhɛlpfəl/,gpt-4o
hemp,hˈɛmp,The General American English phonemic transcription for 'hemp' is /hɛmp/.,gpt-4o
henry,hˈɛnɹi,/ˈhɛnɹi/,gpt-4o
heroic,hɪɹˈoʊɪk,/hɪˈɹoʊɪk/,gpt-4o
hesitation,hˌɛzətˈeɪʃən,/ˌhɛzɪˈteɪʃən/,gpt-4o
het,hˈɛt,/hɛt/,gpt-4o
highly,hˈaɪli,/ˈhaɪli/,gpt-4o
hill,hˈɪl,/hɪl/,gpt-4o
hills,hˈɪlz,The General American English phonemic transcription for 'hills' is /hɪlz/.,gpt-4o
hilton,hˈɪltən,/ˈhɪltən/,gpt-4o
hint,hˈɪnt,/hɪnt/,gpt-4o
hints,hˈɪnts,The General American English phonemic transcription for 'hints' is /hɪnts/.,gpt-4o
historians,hɪstˈɔːɹiənz,/hɪˈstɔɹiənz/,gpt-4o
hiv,hˈɪv,The General American English phonemic transcription for 'hiv' is /hɪv/.,gpt-4o
hoa,hˈoʊə,"The word 'hoa' does not have a standard pronunciation in General American English as it is not a recognized English word. If you meant an acronym or abbreviation, it would typically be pronounced as individual letters, /eɪtʃ oʊ eɪ/. If you meant a different word or name, please provide more context.",gpt-4o
holly,hˈɑːli,/ˈhɑli/,gpt-4o
homes,hˈoʊmz,/homz/,gpt-4o
hood,hˈʊd,/hʊd/,gpt-4o
hooded,hˈʊdɪd,/ˈhʊdɪd/,gpt-4o
hoods,hˈʊdz,/hʊdz/,gpt-4o
hooker,hˈʊkɚ,/hʊkɚ/,gpt-4o
hopeful,hˈoʊpfəl,/ˈhoʊpfəl/,gpt-4o
hormone,hˈɔːɹmˌoʊn,/hɔɹmoʊn/,gpt-4o
hose,hˈoʊz,/həʊz/,gpt-4o
hoses,hˈoʊzɪz,/ˈhoʊzɪz/,gpt-4o
hospitality,hˌɑspətˈæləti,/hɑːspɪˈtæləti/,gpt-4o
hourly,ˈaʊɹli,/ˈaʊɚli/,gpt-4o
housed,hˈaʊzd,/hɑʊzd/,gpt-4o
housing,hˈaʊzɪŋ,/ˈhaʊzɪŋ/,gpt-4o
hover,hˈʌvɚ,/ˈhʌvɚ/,gpt-4o
hunt,hˈʌnt,/hʌnt/,gpt-4o
hunting,hˈʌntɪŋ,/hʌntɪŋ/,gpt-4o
husband,hˈʌzbənd,/ˈhʌzbənd/,gpt-4o
husbands,hˈʌzbəndz,/hʌzbəndz/,gpt-4o
hutchinson,hˈʌtʃɪnsən,/hʌtʃɪnsən/,gpt-4o
iceberg,ˈaɪsbɚg,/ˈaɪsbɝɡ/,gpt-4o
idaho,ˈaɪdəhˌoʊ,/ˈaɪdəˌhoʊ/,gpt-4o
idle,ˈaɪdəl,/ˈaɪdəl/,gpt-4o
immunity,ɪmjˈuːnəti,/ɪˈmjunɪti/,gpt-4o
impeachment,ɪmpˈiːtʃmənt,/ɪmˈpitʃmənt/,gpt-4o
impeccable,ɪmpˈɛkəbəl,/ɪmˈpɛkəbl̩/,gpt-4o
import,ˈɪmpˌɔɹt,/ˈɪmpɔɹt/,gpt-4o
importance,ɪmpˈɔːɹtəns,/ɪmˈpɔɹtəns/,gpt-4o
imported,ɪmpˈɔːɹtɪd,/ɪmˈpɔɹtɪd/,gpt-4o
impressed,ɪmpɹˈɛst,/ɪmˈpɹɛst/,gpt-4o
incidents,ˈɪnsədənts,/ˈɪnsɪdənts/,gpt-4o
include,ɪnklˈuːd,/ɪnˈklud/,gpt-4o
included,ɪnklˈuːdəd,/ɪnˈkluːdɪd/,gpt-4o
includes,ɪnklˈuːdz,/ɪnˈkludz/,gpt-4o
inclusive,ɪnklˈuːsɪv,/ɪnˈklusɪv/,gpt-4o
indies,ˈɪndiz,/ˈɪndiːz/,gpt-4o
induction,ɪndˈʌkʃən,/ɪnˈdʌkʃən/,gpt-4o
infection,ɪnfˈɛkʃən,/ɪnˈfɛkʃən/,gpt-4o
inflammation,ˌɪnfləmˈeɪʃən,/ˌɪnfləˈmeɪʃən/,gpt-4o
inhabitants,ɪnhˈæbətənts,/ɪnˈhæbɪtənts/,gpt-4o
inquire,ɪnkwˈaɪɹ,/ɪnˈkwaɪɹ/,gpt-4o
ins,ˈɪnz,/ɪnz/,gpt-4o
instructed,ɪnstɹˈʌktəd,/ɪnˈstɹʌktɪd/,gpt-4o
intelligent,ɪntˈɛlədʒənt,/ɪnˈtɛlədʒənt/,gpt-4o
intention,ɪntˈɛntʃən,/ɪnˈtɛnʃən/,gpt-4o
interior,ɪntˈɪɹiɚ,/ɪnˈtɪɹiɚ/,gpt-4o
invest,ɪnvˈɛst,/ɪnˈvɛst/,gpt-4o
invested,ɪnvˈɛstəd,/ɪnˈvɛstɪd/,gpt-4o
invite,ˈɪnvaɪt,/ɪnˈvaɪt/,gpt-4o
invited,ɪnvˈaɪtəd,/ɪnˈvaɪtɪd/,gpt-4o
inviting,ɪnvˈaɪtɪŋ,/ɪnˈvaɪtɪŋ/,gpt-4o
ireland,ˈaɪɚlənd,/ˈaɪɚlənd/,gpt-4o
irs,ˈɚz,The word 'irs' is an acronym and is typically pronounced as individual letters in General American English. Its phonemic transcription is /ˌaɪˌɑɹˈɛs/.,gpt-4o
irwin,ˈɚwən,/ˈɝwɪn/,gpt-4o
issue,ˈɪʃu,/ˈɪʃu/,gpt-4o
jade,dʒˈeɪd,/dʒeɪd/,gpt-4o
jay,dʒˈeɪ,/dʒeɪ/,gpt-4o
jefferson,dʒˈɛfɚsən,/ˈdʒɛfɚsən/,gpt-4o
jimmy,dʒˈɪmi,/ˈdʒɪmi/,gpt-4o
joel,dʒˈoʊəl,/ˈdʒoʊəl/,gpt-4o
joey,dʒˈoʊi,/ˈdʒoʊi/,gpt-4o
journey,dʒˈɚni,/ˈdʒɝni/,gpt-4o
joy,dʒˈɔɪ,The General American English phonemic transcription for 'joy' is /dʒɔɪ/.,gpt-4o
joys,dʒˈɔɪz,/dʒɔɪz/,gpt-4o
judy,dʒˈuːdi,/ˈdʒudi/,gpt-4o
jumbo,dʒˈʌmboʊ,/ˈdʒʌmboʊ/,gpt-4o
kelly,kˈɛli,/ˈkɛli/,gpt-4o
kenny,kˈɛni,/ˈkɛni/,gpt-4o
kerala,kˌɛɹˈɑːlə,The General American English phonemic transcription for 'kerala' is /ˈkɛɹələ/.,gpt-4o
kernel,kˈɚnəl,/ˈkɝnəl/,gpt-4o
kick,kˈɪk,/kɪk/,gpt-4o
kicked,kˈɪkt,/kɪkt/,gpt-4o
kicking,kˈɪkɪŋ,/kɪkɪŋ/,gpt-4o
kicks,kˈɪks,/kɪks/,gpt-4o
kim,kˈɪm,/kɪm/,gpt-4o
kin,kˈɪn,/kɪn/,gpt-4o
kirsten,kˈɚstən,/kɝstən/,gpt-4o
knives,nˈaɪvz,/naɪvz/,gpt-4o
kramer,kɹˈeɪmɚ,/kɹeɪmɚ/,gpt-4o
lab,lˈæb,/læb/,gpt-4o
lanes,lˈeɪnz,/leɪnz/,gpt-4o
later,lˈeɪtɚ,/ˈleɪɾɚ/,gpt-4o
lavish,lˈævɪʃ,/lævɪʃ/,gpt-4o
lawn,lˈɔːn,/lɔn/,gpt-4o
lax,lˈæks,/læks/,gpt-4o
learn,lˈɚn,/lɝn/,gpt-4o
learning,lˈɚnɪŋ,/ˈlɝnɪŋ/,gpt-4o
learnt,lˈɚnt,"In General American English, the word 'learnt' is typically pronounced as /lɝnt/.",gpt-4o
lecturer,lˈɛktʃɚɚ,/ˈlɛktʃɚɹɚ/,gpt-4o
legally,lˈiːgəli,/ˈliːɡəli/,gpt-4o
lemonade,lˈɛmənˈeɪd,/ˌlɛməˈneɪd/,gpt-4o
lens,lˈɛnz,/lɛnz/,gpt-4o
lenses,lˈɛnzəz,The General American English phonemic transcription for 'lenses' is /ˈlɛnzɪz/.,gpt-4o
lester,lˈɛstɚ,/ˈlɛstɚ/,gpt-4o
liar,lˈaɪɚ,/ˈlaɪɚ/,gpt-4o
liberal,lˈɪbɚəl,/ˈlɪbɚəl/,gpt-4o
liberty,lˈɪbɚti,/ˈlɪbɚti/,gpt-4o
liner,lˈaɪnɚ,/ˈlaɪnɚ/,gpt-4o
literal,lˈɪtɚəl,/ˈlɪtɚəl/,gpt-4o
lithium,lˈɪθiəm,/lɪθiəm/,gpt-4o
locate,lˈoʊkˌeɪt,/ˈloʊkeɪt/,gpt-4o
located,lˈoʊkˌeɪtəd,/ˈloʊkeɪtɪd/,gpt-4o
lodge,lˈɑːdʒ,/lɑdʒ/,gpt-4o
lodging,lˈɑːdʒɪŋ,/lɑdʒɪŋ/,gpt-4o
loneliness,lˈoʊnlinəs,/ˈloʊnlinəs/,gpt-4o
lonely,lˈoʊnli,/ˈloʊnli/,gpt-4o
lucky,lˈʌki,/lʌki/,gpt-4o
lynch,lˈɪntʃ,/lɪntʃ/,gpt-4o
lyric,lˈɪɹɪk,/ˈlɪɹɪk/,gpt-4o
macedonia,mˌæsədˈoʊniə,/mæsəˈdoʊniə/,gpt-4o
machinery,məʃˈiːnɚi,/məˈʃinɚi/,gpt-4o
magazines,mˈægəzˌinz,/mæɡəˈzinz/,gpt-4o
magnet,mˈægnət,/mæɡnət/,gpt-4o
management,mˈænədʒmənt,/ˈmænɪdʒmənt/,gpt-4o
mandate,mˌændˈeɪt,/ˈmænˌdeɪt/,gpt-4o
manicure,mˈænɪkjɚ,/ˈmænɪˌkjʊɹ/,gpt-4o
maple,mˈeɪpəl,/ˈmeɪpəl/,gpt-4o
mara,mˈɑːɹə,/mɛɹə/,gpt-4o
marathi,məɹˈɑːti,/məˈɹɑti/,gpt-4o
marital,mˈɛɹətəl,/ˈmæɹɪtəl/,gpt-4o
market,mˈɑːɹkət,/ˈmɑɹkɪt/,gpt-4o
markets,mˈɑːɹkəts,/ˈmɑɹkɪts/,gpt-4o
mascot,mˈæskət,/ˈmæskɑt/,gpt-4o
massey,mˈæsi,The General American English phonemic transcription for 'massey' is /ˈmæsi/.,gpt-4o
material,mətˈɪɹiəl,/məˈtɪɹiəl/,gpt-4o
materials,mətˈɪɹiəlz,/məˈtɪɹiəlz/,gpt-4o
maternity,mətˈɚnɪti,/məˈtɝnɪti/,gpt-4o
matthew,mˈæθju,/mæθju/,gpt-4o
maturity,mətʃˈʊɹəti,/məˈtʃʊɹɪti/,gpt-4o
maya,mˈaɪə,/mɑˈjɑ/,gpt-4o
meaningful,mˈiːnɪŋfəl,/ˈminɪŋfəl/,gpt-4o
mechanism,mˈɛkənˌɪzəm,/ˈmɛkəˌnɪzəm/,gpt-4o
memorable,mˈɛmɚəbəl,/mɛmɚəbəl/,gpt-4o
mesh,mˈɛʃ,/mɛʃ/,gpt-4o
messy,mˈɛsi,/ˈmɛsi/,gpt-4o
migrant,mˈaɪgɹənt,/ˈmaɪɡɹənt/,gpt-4o
mike,mˈaɪk,/maɪk/,gpt-4o
mile,mˈaɪl,/maɪl/,gpt-4o
millions,mˈɪljənz,/mɪljənz/,gpt-4o
mine,mˈaɪn,/maɪn/,gpt-4o
mines,mˈaɪnz,/maɪnz/,gpt-4o
mining,mˈaɪnɪŋ,/ˈmaɪnɪŋ/,gpt-4o
ministry,mˈɪnəstɹi,/ˈmɪnəstɹi/,gpt-4o
minus,mˈaɪnəs,/ˈmaɪnəs/,gpt-4o
misconduct,mˌɪskɑndˈʌkt,/mɪsˈkɑndʌkt/,gpt-4o
miss,mˈɪs,/mɪs/,gpt-4o
missed,mˈɪst,/mɪst/,gpt-4o
misses,mˈɪsəz,The General American English phonemic transcription for 'misses' is /ˈmɪsɪz/.,gpt-4o
missing,mˈɪsɪŋ,/mɪsɪŋ/,gpt-4o
moderator,mˈɑːdɚˌeɪtɚ,/ˈmɑdəˌɹeɪtɚ/,gpt-4o
modules,mˈɑːdʒulz,/ˈmɑdʒulz/,gpt-4o
moist,mˈɔɪst,/moɪst/,gpt-4o
mongolian,mɑŋgˈoʊliən,/mɑnˈɡoʊliən/,gpt-4o
monterey,mˌɑntɚˈeɪ,/mɑntəˈɹeɪ/,gpt-4o
mood,mˈuːd,/muːd/,gpt-4o
moonlight,mˈuːnlˌaɪt,/mo͞onˌlaɪt/,gpt-4o
mostly,mˈoʊstli,/ˈmoʊstli/,gpt-4o
motivate,mˈoʊtəvˌeɪt,/ˈmoʊtəˌveɪt/,gpt-4o
mountains,mˈaʊntənz,/mæʊntənz/,gpt-4o
municipal,mjunˈɪsəpəl,/mjuˈnɪsəpəl/,gpt-4o
music,mjˈuːzɪk,/mjuːzɪk/,gpt-4o
mythology,məθˈɑːlədʒi,/mɪˈθɑlədʒi/,gpt-4o
myths,mˈɪθs,The General American English phonemic transcription for 'myths' is /mɪθs/.,gpt-4o
national,nˈæʃənəl,/næʃənəl/,gpt-4o
naval,nˈeɪvəl,/navəl/,gpt-4o
neatly,nˈiːtli,/ˈnitli/,gpt-4o
negotiable,nəgˈoʊʃəbəl,/nɪˈɡoʊʃiəbəl/,gpt-4o
nelson,nˈɛlsən,/ˈnɛlsən/,gpt-4o
nerve,nˈɚv,/nɝv/,gpt-4o
nerves,nˈɚvz,/nɝvz/,gpt-4o
nevis,nˈɛvɪs,The General American English phonemic transcription for 'nevis' is /ˈnɛvɪs/.,gpt-4o
newton,nˈuːtən,/ˈnuːtən/,gpt-4o
nile,nˈaɪl,/nail/,gpt-4o
ninth,nˈaɪnθ,/nainθ/,gpt-4o
nominee,nˌɑmənˈiː,/nɑməˈni/,gpt-4o
notice,nˈoʊtəs,/ˈnoʊtɪs/,gpt-4o
noticed,nˈoʊtəst,/ˈnoʊtɪst/,gpt-4o
noticing,nˈoʊtɪsɪŋ,The General American English phonemic transcription for 'noticing' is /ˈnoʊtəsɪŋ/.,gpt-4o
nous,nˈuːs,/nus/,gpt-4o
nudity,nˈuːdɪti,/ˈnuːdəti/,gpt-4o
numerical,numˈɛɹəkəl,/njuˈmɛɹɪkəl/,gpt-4o
oath,ˈoʊθ,/oʊθ/,gpt-4o
obama,ˌoʊbˈɑːmə,/oʊˈbɑmə/,gpt-4o
obscene,ɑbsˈiːn,/əbˈsin/,gpt-4o
obviously,ˈɑːbviəsli,/ˈɑbvɪəsli/,gpt-4o
officially,əfˈɪʃəli,/əˈfɪʃəli/,gpt-4o
oh,ˈoʊ,/oʊ/,gpt-4o
older,ˈoʊldɚ,/ˈoʊldɚ/,gpt-4o
omg,ˈɑːm,"The word 'omg' is typically an abbreviation for ""oh my god"" and is not pronounced as a single word in General American English. However, if you are referring to the phrase ""oh my god,"" its phonemic transcription would be /oʊ maɪ ɡɑd/.",gpt-4o
opacity,oʊpˈæsəti,/oʊˈpæsəti/,gpt-4o
opinion,əpˈɪnjən,/əˈpɪnjən/,gpt-4o
opinions,əpˈɪnjənz,/əˈpɪnjənz/,gpt-4o
opt,ˈɑːpt,/ɑpt/,gpt-4o
optical,ˈɑːptɪkəl,/ˈɑptɪkəl/,gpt-4o
organic,ɔɹgˈænɪk,/ɔɹˈɡænɪk/,gpt-4o
organize,ˈɔːɹgənˌaɪz,/ˈɔɹɡəˌnaɪz/,gpt-4o
organized,ˈɔːɹgənˌaɪzd,/ˈɔɹɡənaɪzd/,gpt-4o
osborne,ˈɔːzbˌɔɹn,/osbɔɹn/,gpt-4o
oslo,ˈɑːzloʊ,/osloʊ/,gpt-4o
ounces,ˈaʊnsəz,/ˈaʊnsɪz/,gpt-4o
outer,ˈaʊtɚ,/ˈaʊtɚ/,gpt-4o
outlook,ˈaʊtlˌʊk,/ˈaʊtlʊk/,gpt-4o
oval,ˈoʊvəl,/ˈoʊvəl/,gpt-4o
over,ˈoʊvɚ,/ˈoʊvɚ/,gpt-4o
override,ˈoʊvɚɹˌaɪd,/ˌoʊvɚˈɹaɪd/,gpt-4o
owners,ˈoʊnɚz,/ˈoʊnɚz/,gpt-4o
package,pˈækədʒ,/ˈpækɪdʒ/,gpt-4o
papa,pˈɑːpə,/pəˈpɑ/,gpt-4o
parsley,pˈɑːɹsli,/ˈpɑɹsli/,gpt-4o
partly,pˈɑːɹtli,/ˈpɑɹtli/,gpt-4o
passive,pˈæsɪv,/pæsɪv/,gpt-4o
past,pˈæst,/pæst/,gpt-4o
patio,pˈætiˌoʊ,/ˈpætiˌoʊ/,gpt-4o
patrol,pətɹˈoʊl,/pəˈtɹoʊl/,gpt-4o
pavilion,pəvˈɪljən,/pəˈvɪljən/,gpt-4o
payments,pˈeɪmənts,/ˈpeɪmənts/,gpt-4o
pedestal,pˈɛdəstəl,/pɛdəstəl/,gpt-4o
pedestrian,pədˈɛstɹiən,/pəˈdɛstɹiən/,gpt-4o
permit,pˈɚmˌɪt,/pɚˈmɪt/,gpt-4o
permitted,pɚmˈɪtəd,/pɚˈmɪtɪd/,gpt-4o
persistent,pɚsˈɪstənt,/pɚˈsɪstənt/,gpt-4o
persona,pɚsˈoʊnə,/pɚˈsoʊnə/,gpt-4o
personality,pˌɚsənˈælɪti,/pɝsəˈnælɪti/,gpt-4o
perspective,pɚspˈɛktɪv,/pɚˈspɛktɪv/,gpt-4o
peru,pɚˈuː,/pəˈɹu/,gpt-4o
pharmacy,fˈɑːɹməsi,/ˈfɑɹməsi/,gpt-4o
physician,fəzˈɪʃən,/fɪˈzɪʃən/,gpt-4o
physiological,fˌɪziəlˈɑːdʒɪkəl,/ˌfɪziəˈlɑdʒɪkəl/,gpt-4o
pick,pˈɪk,/pɪk/,gpt-4o
picked,pˈɪkt,/pɪkt/,gpt-4o
picking,pˈɪkɪŋ,/pɪkɪŋ/,gpt-4o
picks,pˈɪks,/pɪks/,gpt-4o
pictures,pˈɪktʃɚz,/pɪk.tʃɚz/,gpt-4o
pier,pˈɪɹ,/pɪɹ/,gpt-4o
pig,pˈɪg,/pɪɡ/,gpt-4o
pigeon,pˈɪdʒən,/pɪdʒən/,gpt-4o
pigs,pˈɪgz,/pɪɡz/,gpt-4o
pike,pˈaɪk,/paɪk/,gpt-4o
piston,pˈɪstən,/pɪstən/,gpt-4o
pitch,pˈɪtʃ,/pɪtʃ/,gpt-4o
pitched,pˈɪtʃt,/pɪtʃt/,gpt-4o
pitching,pˈɪtʃɪŋ,/pɪtʃɪŋ/,gpt-4o
playful,plˈeɪfəl,/ˈpleɪfəl/,gpt-4o
pocket,pˈɑːkət,/ˈpɑkɪt/,gpt-4o
pockets,pˈɑːkəts,/ˈpɑkɪts/,gpt-4o
point,pˈɔɪnt,/pɔɪnt/,gpt-4o
pointe,pˈɔɪnt,/pɔɪnt/,gpt-4o
pointed,pˈɔɪntəd,/ˈpɔɪntɪd/,gpt-4o
pointing,pˈɔɪntɪŋ,/ˈpɔɪntɪŋ/,gpt-4o
points,pˈɔɪnts,/pɔɪnts/,gpt-4o
politician,pˌɑlətˈɪʃən,/pɑləˈtɪʃən/,gpt-4o
pop,pˈɑːp,/pɑp/,gpt-4o
popping,pˈɑːpɪŋ,/pɑpɪŋ/,gpt-4o
pops,pˈɑːps,/pɑps/,gpt-4o
popularity,pˌɑpjəlˈɛɹəti,/pɑpjəˈlɛɹəti/,gpt-4o
portal,pˈɔːɹtəl,/ˈpɔɹtəl/,gpt-4o
portugal,pˈɔːɹtʃəgəl,/ˈpɔɹtʃəɡəl/,gpt-4o
possess,pəzˈɛs,/pəˈzɛs/,gpt-4o
possessed,pəzˈɛst,/pəˈzɛst/,gpt-4o
possesses,pəzˈɛsəz,/pəˈzɛsɪz/,gpt-4o
postage,pˈoʊstədʒ,/ˈpoʊstɪdʒ/,gpt-4o
powell,pˈaʊəl,/pɑʊəl/,gpt-4o
pray,pɹˈeɪ,/prɛɪ/,gpt-4o
predict,pɹɪdˈɪkt,/pɹɪˈdɪkt/,gpt-4o
predicted,pɹɪdˈɪktɪd,/pɹɪˈdɪktɪd/,gpt-4o
prediction,pɹidˈɪkʃən,/pɹɪˈdɪkʃən/,gpt-4o
preference,pɹˈɛfɚəns,/ˈpɹɛfɹəns/,gpt-4o
premium,pɹˈiːmiəm,/ˈpɹiːmiəm/,gpt-4o
preparation,pɹˌɛpɚˈeɪʃən,/ˌpɹɛpəˈɹeɪʃən/,gpt-4o
prima,pɹˈiːmə,/prima/,gpt-4o
princeton,pɹˈɪnstən,/ˈpɹɪnstən/,gpt-4o
proficiency,pɹəfˈɪʃənsi,/prəˈfɪʃənsi/,gpt-4o
proliferation,pɹˌoʊlɪfɚˈeɪʃən,/prəˌlɪfəˈɹeɪʃən/,gpt-4o
promote,pɹəmˈoʊt,/prəˈmoʊt/,gpt-4o
promoting,pɹəmˈoʊtɪŋ,/prəˈmoʊtɪŋ/,gpt-4o
promotional,pɹəmˈoʊʃənəl,/prəˈmoʊʃənl̩/,gpt-4o
pronounced,pɹənˈaʊnst,/prəˈnaʊnst/,gpt-4o
prototype,pɹˈoʊtətˌaɪp,/ˈpɹoʊtəˌtaɪp/,gpt-4o
prototyping,pɹˈoʊtətɪpɪŋ,/proʊtəˌtaɪpɪŋ/,gpt-4o
pseudo,sˈuːdoʊ,The General American English phonemic transcription for 'pseudo' is /ˈsuːdoʊ/.,gpt-4o
public,pˈʌblɪk,/pʌblɪk/,gpt-4o
publicly,pˈʌblɪkli,/ˈpʌblɪkli/,gpt-4o
publish,pˈʌblɪʃ,/pʌblɪʃ/,gpt-4o
published,pˈʌblɪʃt,/pʌblɪʃt/,gpt-4o
publishing,pˈʌblɪʃɪŋ,/pʌblɪʃɪŋ/,gpt-4o
pun,pˈʌn,/pʌn/,gpt-4o
pupil,pjˈuːpəl,/pjuːpəl/,gpt-4o
puppies,pˈʌpiz,/ˈpʌpiz/,gpt-4o
puppy,pˈʌpi,/ˈpʌpi/,gpt-4o
purification,pjˌʊɹəfəkˈeɪʃən,/pjʊɹəfəˈkeɪʃən/,gpt-4o
purse,pˈɚs,/pɝs/,gpt-4o
pursuit,pɚsˈuːt,/pɚˈsuːt/,gpt-4o
python,pˈaɪθɑn,/ˈpaɪθɑn/,gpt-4o
quad,kwˈɑːd,/kwɑd/,gpt-4o
quarter,kwˈɔːɹtɚ,/ˈkwɔɹtɚ/,gpt-4o
racism,ɹˈeɪsˌɪzəm,/ˈɹeɪˌsɪzəm/,gpt-4o
raid,ɹˈeɪd,/ɹeɪd/,gpt-4o
rail,ɹˈeɪl,/ɹeɪl/,gpt-4o
rare,ɹˈɛɹ,/ɹɛɹ/,gpt-4o
raymond,ɹˈeɪmənd,/ˈɹeɪmənd/,gpt-4o
reach,ɹˈiːtʃ,/ɹiːtʃ/,gpt-4o
reached,ɹˈiːtʃt,/ɹiːtʃt/,gpt-4o
reaches,ɹˈiːtʃəz,/ˈɹiːtʃɪz/,gpt-4o
reaching,ɹˈiːtʃɪŋ,/ˈɹiːtʃɪŋ/,gpt-4o
realm,ɹˈɛlm,/ɹɛlm/,gpt-4o
rebirth,ɹibˈɚθ,/ɹiˈbɝθ/,gpt-4o
receive,ɹəsˈiːv,/rɪˈsiv/,gpt-4o
received,ɹəsˈiːvd,/rɪˈsivd/,gpt-4o
receiver,ɹəsˈiːvɚ,/rɪˈsivɚ/,gpt-4o
receives,ɹəsˈiːvz,/rɪˈsivz/,gpt-4o
receiving,ɹəsˈiːvɪŋ,/rɪˈsivɪŋ/,gpt-4o
red,ɹˈɛd,/red/,gpt-4o
redundant,ɹɪdˈʌndənt,/rɪˈdʌndənt/,gpt-4o
reforms,ɹəfˈɔːɹmz,/rɪˈfɔɹmz/,gpt-4o
refrain,ɹɪfɹˈeɪn,/rɪˈfɹeɪn/,gpt-4o
refresh,ɹˈɪfɹɛʃ,/rɪˈfɹɛʃ/,gpt-4o
refreshing,ɹɪfɹˈɛʃɪŋ,/rɪˈfɹɛʃɪŋ/,gpt-4o
relax,ɹɪlˈæks,/rɪˈlæks/,gpt-4o
relaxed,ɹɪlˈækst,/rɪˈlækst/,gpt-4o
relevant,ɹˈɛləvənt,/ˈɹɛləvənt/,gpt-4o
relieve,ɹɪlˈiːv,/rɪˈliːv/,gpt-4o
relieved,ɹɪlˈiːvd,/rɪˈliːvd/,gpt-4o
religion,ɹɪlˈɪdʒən,/rɪˈlɪdʒən/,gpt-4o
relish,ɹˈɛlɪʃ,/ˈɹɛlɪʃ/,gpt-4o
require,ɹˌikwˈaɪɚ,/rɪˈkwaɪɹ/,gpt-4o
required,ɹikwˈaɪɚd,/rɪˈkwaɪɚd/,gpt-4o
requires,ɹikwˈaɪɚz,/rɪˈkwaɪɹz/,gpt-4o
requiring,ɹikwˈaɪɚɪŋ,/rɪˈkwaɪɹɪŋ/,gpt-4o
rescue,ɹˈɛskju,/ˈɹɛskju/,gpt-4o
rescued,ɹˈɛskjud,The General American English phonemic transcription for 'rescued' is /ˈɹɛskjud/.,gpt-4o
residue,ɹˈɛzədˌu,/ˈɹɛzɪˌdu/,gpt-4o
respond,ɹɪspˈɑːnd,/rɪˈspɑnd/,gpt-4o
responded,ɹɪspˈɑːndɪd,/rɪˈspɑndɪd/,gpt-4o
return,ɹɪtˈɚn,/rɪˈtɝn/,gpt-4o
returned,ɹɪtˈɚnd,/rɪˈtɝnd/,gpt-4o
returning,ɹɪtˈɚnɪŋ,/rɪˈtɝnɪŋ/,gpt-4o
returns,ɹɪtˈɚnz,/rɪˈtɝnz/,gpt-4o
revenge,ɹivˈɛndʒ,/rɪˈvɛndʒ/,gpt-4o
rid,ɹˈɪd,/rɪd/,gpt-4o
rig,ɹˈɪg,/ɹɪɡ/,gpt-4o
rigging,ɹˈɪgɪŋ,/ˈɹɪɡɪŋ/,gpt-4o
rigs,ɹˈɪgz,/rɪɡz/,gpt-4o
rinse,ɹˈɪns,/rɪns/,gpt-4o
riot,ɹˈaɪət,/ˈɹaɪət/,gpt-4o
ripped,ɹˈɪpt,/rɪpt/,gpt-4o
road,ɹˈoʊd,/ɹoʊd/,gpt-4o
robert,ɹˈɑːbɚt,/ˈɹɑbɚt/,gpt-4o
rochester,ɹˈɑːtʃˌɛstɚ,/ˈɹɑːtʃɛstɚ/,gpt-4o
rock,ɹˈɑːk,/ɹɑk/,gpt-4o
rocket,ɹˈɑːkət,/ˈɹɑkɪt/,gpt-4o
rocks,ɹˈɑːks,/rɑks/,gpt-4o
rome,ɹˈoʊm,/ɹoʊm/,gpt-4o
rope,ɹˈoʊp,/ɹoʊp/,gpt-4o
ropes,ɹˈoʊps,/ɹoʊps/,gpt-4o
rosemary,ɹˈoʊzmˌɛɹi,/ˈɹoʊzmɛɹi/,gpt-4o
rotate,ɹˈoʊtˌeɪt,/ˈɹoʊˌteɪt/,gpt-4o
rotor,ɹˈoʊtɚ,/ˈɹoʊtɚ/,gpt-4o
routine,ɹutˈiːn,/ɹuˈtin/,gpt-4o
rue,ɹˈuː,/ru/,gpt-4o
russian,ɹˈʌʃən,/ˈɹʌʃən/,gpt-4o
sac,sˈæk,/sæk/,gpt-4o
safeguard,sˈeɪfgˌɑɹd,/seɪfɡɑɹd/,gpt-4o
safety,sˈeɪfti,/ˈseɪfti/,gpt-4o
sage,sˈeɪdʒ,/seɪdʒ/,gpt-4o
saints,sˈeɪnts,/seɪnts/,gpt-4o
salvation,sælvˈeɪʃən,/sælˈveɪʃən/,gpt-4o
sap,sˈæp,/sæp/,gpt-4o
sassy,sˈæsi,The General American English phonemic transcription for 'sassy' is /ˈsæsi/.,gpt-4o
scrub,skɹˈʌb,/skɹʌb/,gpt-4o
seemingly,sˈiːmɪŋli,/ˈsiːmɪŋli/,gpt-4o
select,səlˈɛkt,/səˈlɛkt/,gpt-4o
selected,səlˈɛktəd,/səˈlɛktɪd/,gpt-4o
selena,səlˈiːnə,/səˈlinə/,gpt-4o
send,sˈɛnd,/sɛnd/,gpt-4o
sending,sˈɛndɪŋ,/sɛndɪŋ/,gpt-4o
sends,sˈɛndz,/sɛndz/,gpt-4o
sent,sˈɛnt,/sɛnt/,gpt-4o
sergeant,sˈɑːɹdʒənt,/ˈsɑɹdʒənt/,gpt-4o
seven,sˈɛvən,/ˈsɛvən/,gpt-4o
sewing,sˈoʊɪŋ,The General American English phonemic transcription for 'sewing' is /ˈsoʊɪŋ/.,gpt-4o
sewn,sˈoʊn,The General American English phonemic transcription for 'sewn' is /soʊn/.,gpt-4o
sex,sˈɛks,/sɛks/,gpt-4o
seymour,sˈiːmɔɹ,/ˈsiːmɔɹ/,gpt-4o
shake,ʃˈeɪk,/ʃeɪk/,gpt-4o
shakes,ʃˈeɪks,/ʃeɪks/,gpt-4o
shaking,ʃˈeɪkɪŋ,/ˈʃeɪkɪŋ/,gpt-4o
shallow,ʃˈæloʊ,/ˈʃæloʊ/,gpt-4o
shanghai,ʃˈæŋhˈaɪ,/ʃæŋˈhaɪ/,gpt-4o
shelley,ʃˈɛli,/ˈʃɛli/,gpt-4o
shemale,ʃəmˈeɪl,The General American English phonemic transcription for 'shemale' is /ˈʃiˌmeɪl/.,gpt-4o
shimmer,ʃˈɪmɚ,/ˈʃɪmɚ/,gpt-4o
ship,ʃˈɪp,/ʃɪp/,gpt-4o
shipment,ʃˈɪpmənt,/ˈʃɪpmənt/,gpt-4o
shipped,ʃˈɪpt,/ʃɪpt/,gpt-4o
shipping,ʃˈɪpɪŋ,/ˈʃɪpɪŋ/,gpt-4o
ships,ʃˈɪps,/ʃɪps/,gpt-4o
shoe,ʃˈuː,/ʃu/,gpt-4o
shoes,ʃˈuːz,/ʃuːz/,gpt-4o
shook,ʃˈʊk,/ʃʊk/,gpt-4o
sic,sˈɪk,/sɪk/,gpt-4o
sich,sˈɪtʃ,"The word 'sich' does not have a standard pronunciation in General American English, as it is not a recognized English word. If you meant a different word or need assistance with a specific context, please provide more details.",gpt-4o
sie,sˈiː,"The word 'sie' does not have a standard pronunciation in General American English, as it is not a recognized English word. If you meant a different word or need assistance with a specific context, please provide more details.",gpt-4o
sienna,siˈɛnə,/sɪˈɛnə/,gpt-4o
sink,sˈɪŋk,/sɪŋk/,gpt-4o
sinking,sˈɪŋkɪŋ,/ˈsɪŋkɪŋ/,gpt-4o
sinks,sˈɪŋks,/sɪŋks/,gpt-4o
sins,sˈɪnz,/sɪnz/,gpt-4o
sir,sˈɚ,/sɝ/,gpt-4o
skeleton,skˈɛlətən,/ˈskɛlɪtən/,gpt-4o
sketch,skˈɛtʃ,/skɛtʃ/,gpt-4o
sketches,skˈɛtʃəz,/skɛtʃɪz/,gpt-4o
ski,skˈiː,/ski/,gpt-4o
skiing,skˈiːɪŋ,/ˈskiɪŋ/,gpt-4o
skype,skˈaɪp,/skaɪp/,gpt-4o
slip,slˈɪp,/slɪp/,gpt-4o
slipped,slˈɪpt,/slɪpt/,gpt-4o
slipping,slˈɪpɪŋ,/slɪpɪŋ/,gpt-4o
slutty,slˈʌtˌi,/slʌti/,gpt-4o
snapchat,snˈæptʃˌæt,/sˈnæpˌtʃæt/,gpt-4o
snowflake,snˈoʊflˌeɪk,/snoʊfleɪk/,gpt-4o
soap,sˈoʊp,/soʊp/,gpt-4o
social,sˈoʊʃəl,/ˈsoʊʃəl/,gpt-4o
socialist,sˈoʊʃələst,/ˈsoʊʃəlɪst/,gpt-4o
solution,səlˈuːʃən,/səˈluʃən/,gpt-4o
some,sˈʌm,/sʌm/,gpt-4o
somehow,sˈʌmhˌaʊ,/sʌmˌhaʊ/,gpt-4o
someone,sˈʌmwˌʌn,/sʌmwʌn/,gpt-4o
sony,sˈoʊni,/ˈsoʊni/,gpt-4o
sooner,sˈuːnɚ,/ˈsuːnɚ/,gpt-4o
sophistication,səfˌɪstəkˈeɪʃən,/səˌfɪstəˈkeɪʃən/,gpt-4o
souvenir,sˌuvənˈɪɹ,/suvəˈnɪɹ/,gpt-4o
spare,spˈɛɹ,/spɛɹ/,gpt-4o
speak,spˈiːk,/spik/,gpt-4o
specialty,spˈɛʃəlti,/ˈspɛʃəlti/,gpt-4o
specimen,spˈɛsəmən,/ˈspɛsəmən/,gpt-4o
speed,spˈiːd,/spiːd/,gpt-4o
speeding,spˈiːdɪŋ,The General American English phonemic transcription for 'speeding' is /ˈspiːdɪŋ/.,gpt-4o
spencer,spˈɛnsɚ,/spɛnsɚ/,gpt-4o
spoken,spˈoʊkən,/spoʊkən/,gpt-4o
sprinkler,spɹˈɪŋklɚ,/sˈpɹɪŋklɚ/,gpt-4o
stage,stˈeɪdʒ,/stɛɪdʒ/,gpt-4o
stages,stˈeɪdʒəz,/stɛɪdʒɪz/,gpt-4o
state,stˈeɪt,/state/,gpt-4o
stated,stˈeɪtəd,/stetɪd/,gpt-4o
states,stˈeɪts,The General American English phonemic transcription for 'states' is /steɪts/.,gpt-4o
stating,stˈeɪtɪŋ,/stɛɪtɪŋ/,gpt-4o
status,stˈætəs,/ˈstætəs/,gpt-4o
statute,stˈætʃut,/ˈstætʃut/,gpt-4o
steam,stˈiːm,/stiːm/,gpt-4o
steer,stˈɪɹ,/stɪɹ/,gpt-4o
stern,stˈɚn,/stɝn/,gpt-4o
still,stˈɪl,/stɪl/,gpt-4o
stone,stˈoʊn,/stoʊn/,gpt-4o
stones,stˈoʊnz,/stoʊnz/,gpt-4o
stove,stˈoʊv,/stoʊv/,gpt-4o
strait,stɹˈeɪt,/stɹeɪt/,gpt-4o
strategist,stɹˈætɪdʒɪst,/ˈstɹætədʒɪst/,gpt-4o
stripe,stɹˈaɪp,/stɹaɪp/,gpt-4o
striped,stɹˈaɪpt,/stɹaɪpt/,gpt-4o
stripes,stɹˈaɪps,/stɹaɪps/,gpt-4o
strong,stɹˈɔːŋ,/stɹɔŋ/,gpt-4o
strongly,stɹˈɔːŋli,/ˈstɹɔŋli/,gpt-4o
sublime,səblˈaɪm,/səˈblaɪm/,gpt-4o
suede,swˈeɪd,/sweɪd/,gpt-4o
sunny,sˈʌni,/sʌni/,gpt-4o
sunshine,sˈʌnʃˌaɪn,/sʌnˌʃaɪn/,gpt-4o
supporter,səpˈɔːɹtɚ,/səˈpɔɹtɚ/,gpt-4o
suspend,səspˈɛnd,/səˈspɛnd/,gpt-4o
suspended,səspˈɛndəd,/səˈspɛndɪd/,gpt-4o
sustainability,səstˌeɪnəbˈɪlɪti,/səˌsteɪnəˈbɪləti/,gpt-4o
swap,swˈɑːp,/swɑp/,gpt-4o
swiftly,swˈɪftli,/swɪftli/,gpt-4o
swivel,swˈɪvəl,/swɪvəl/,gpt-4o
symptom,sˈɪmptəm,/sɪmptəm/,gpt-4o
synthesis,sˈɪnθəsəs,/ˈsɪnθəsɪs/,gpt-4o
syrian,sˈɪɹiən,/sɪɹiən/,gpt-4o
tang,tˈæŋ,/tæŋ/,gpt-4o
tapestry,tˈæpəstɹi,/ˈtæpəstɹi/,gpt-4o
tattoo,tætˈuː,/tæˈtuː/,gpt-4o
taught,tˈɔːt,/tɔt/,gpt-4o
taxation,tæksˈeɪʃən,/tækˈseɪʃən/,gpt-4o
teaching,tˈiːtʃɪŋ,The General American English phonemic transcription for 'teaching' is /ˈtitʃɪŋ/.,gpt-4o
teaspoon,tˈiːspˌun,/ˈtiːspun/,gpt-4o
tech,tˈɛk,/tɛk/,gpt-4o
techno,tˈɛknoʊ,/ˈtɛknoʊ/,gpt-4o
teller,tˈɛlɚ,/ˈtɛlɚ/,gpt-4o
temporarily,tˌɛmpɚˈɛɹəli,/ˌtɛmpəˈɹɛɹəli/,gpt-4o
temptation,tɛmtˈeɪʃən,/tɛmpˈteɪʃən/,gpt-4o
tension,tˈɛnʃən,/ˈtɛnʃən/,gpt-4o
terrified,tˈɛɹəfˌaɪd,/ˈtɛɹɪfaɪd/,gpt-4o
terrifying,tˈɛɹəfˌaɪɪŋ,/ˈtɛɹɪˌfaɪɪŋ/,gpt-4o
territorial,tˌɛɹɪtˈɔːɹiəl,/ˌtɛɹɪˈtɔɹiəl/,gpt-4o
thereby,ðˈɛɹbˈaɪ,/ðɛɹˈbaɪ/,gpt-4o
thermal,θˈɚməl,/ˈθɝməl/,gpt-4o
thing,θˈɪŋ,/θɪŋ/,gpt-4o
things,θˈɪŋz,/θɪŋz/,gpt-4o
though,ðˈoʊ,/ðoʊ/,gpt-4o
three,θɹˈiː,/θɹiː/,gpt-4o
thriller,θɹˈɪlɚ,/ˈθɹɪlɚ/,gpt-4o
thrive,θɹˈaɪv,/θɹaɪv/,gpt-4o
thriving,θɹˈaɪvɪŋ,/ˈθɹaɪvɪŋ/,gpt-4o
tiffany,tˈɪfəni,/ˈtɪfəni/,gpt-4o
time,tˈaɪm,/taɪm/,gpt-4o
times,tˈaɪmz,/taɪmz/,gpt-4o
timing,tˈaɪmɪŋ,/ˈtaɪmɪŋ/,gpt-4o
togo,tˈoʊgoʊ,/təˈɡoʊ/,gpt-4o
tor,tˈɔːɹ,/tɔɹ/,gpt-4o
touch,tˈʌtʃ,/tʌtʃ/,gpt-4o
touched,tˈʌtʃt,/tʌtʃt/,gpt-4o
touches,tˈʌtʃəz,/tʌtʃɪz/,gpt-4o
touching,tˈʌtʃɪŋ,/tʌtʃɪŋ/,gpt-4o
traits,tɹˈeɪts,/tɹeɪts/,gpt-4o
trap,tɹˈæp,/træp/,gpt-4o
traps,tɹˈæps,/træps/,gpt-4o
trek,tɹˈɛk,/tɹɛk/,gpt-4o
trent,tɹˈɛnt,/trɛnt/,gpt-4o
tribal,tɹˈaɪbəl,/ˈtɹaɪbəl/,gpt-4o
tribune,tɹˈɪbjun,/trɪˈbjun/,gpt-4o
trivia,tɹˈɪviə,/trɪviə/,gpt-4o
true,tɹˈuː,/tru/,gpt-4o
tub,tˈʌb,/tʌb/,gpt-4o
tunnel,tˈʌnəl,/ˈtʌnəl/,gpt-4o
twice,twˈaɪs,/twaɪs/,gpt-4o
tyson,tˈaɪsən,/ˈtaɪsən/,gpt-4o
ultimately,ˈʌltəmətli,/ˈʌltəmətli/,gpt-4o
ultra,ˈʌltɹə,/ˈʌltɹə/,gpt-4o
unaware,ˌʌnəwˈɛɹ,/ˌʌnəˈwɛɹ/,gpt-4o
uncertain,ənsˈɚtən,/ʌnˈsɝtn̩/,gpt-4o
uncommon,ənkˈɑːmən,/ʌnˈkɑmən/,gpt-4o
unfair,ənfˈɛɹ,/ʌnˈfɛɹ/,gpt-4o
unleash,ənlˈiːʃ,/ənˈliʃ/,gpt-4o
unlimited,ənlˈɪmətəd,/ʌnˈlɪmɪtɪd/,gpt-4o
usher,ˈʌʃɚ,/ˈʌʃɚ/,gpt-4o
vegetarian,vˌɛdʒətˈɛɹiən,/ˌvɛdʒəˈtɛɹiən/,gpt-4o
vegetation,vˌɛdʒətˈeɪʃən,/ˌvɛdʒəˈteɪʃən/,gpt-4o
veil,vˈeɪl,/veɪl/,gpt-4o
versatile,vˈɚsətəl,/ˈvɝsətəl/,gpt-4o
versatility,vˌɚsətˈɪləti,/vɝsəˈtɪləti/,gpt-4o
vessels,vˈɛsəlz,/vɛsəlz/,gpt-4o
victim,vˈɪktəm,/ˈvɪktəm/,gpt-4o
vine,vˈaɪn,The General American English phonemic transcription for 'vine' is /vaɪn/.,gpt-4o
violate,vˈaɪəleɪt,/ˈvaɪəˌleɪt/,gpt-4o
violated,vˈaɪəleɪtɪd,/ˈvaɪəˌleɪtɪd/,gpt-4o
violating,vˈaɪəleɪtɪŋ,/ˈvaɪəˌleɪtɪŋ/,gpt-4o
vulnerability,vˌʌlnɚəbˈɪlɪti,/vʌlnɚəˈbɪləti/,gpt-4o
wade,wˈeɪd,/wɛɪd/,gpt-4o
warfare,wˈɔːɹfˌɛɹ,/ˈwɔɹfɛɹ/,gpt-4o
way,wˈeɪ,/weɪ/,gpt-4o
ways,wˈeɪz,/weɪz/,gpt-4o
weaker,wˈiːkɚ,/ˈwiːkɚ/,gpt-4o
weakness,wˈiːknəs,/ˈwiːknəs/,gpt-4o
wealthy,wˈɛlθi,/ˈwɛlθi/,gpt-4o
weapons,wˈɛpənz,/ˈwɛpənz/,gpt-4o
weave,wˈiːv,/wiːv/,gpt-4o
weaving,wˈiːvɪŋ,/ˈwiːvɪŋ/,gpt-4o
web,wˈɛb,The General American English phonemic transcription for 'web' is /wɛb/.,gpt-4o
webcam,wˈɛbkˌæm,/ˈwɛbkæm/,gpt-4o
wedge,wˈɛdʒ,/wɛdʒ/,gpt-4o
weigh,wˈeɪ,/weɪ/,gpt-4o
weighed,wˈeɪd,/weɪd/,gpt-4o
weighing,wˈeɪɪŋ,/ˈweɪɪŋ/,gpt-4o
weighs,wˈeɪz,/weɪz/,gpt-4o
weight,wˈeɪt,/weɪt/,gpt-4o
weighted,wˈeɪtɪd,/ˈweɪtɪd/,gpt-4o
weights,wˈeɪts,/weɪts/,gpt-4o
welcome,wˈɛlkəm,/ˈwɛlkəm/,gpt-4o
welcomed,wˈɛlkəmd,/ˈwɛlkəmd/,gpt-4o
well,wˈɛl,/wɛl/,gpt-4o
wells,wˈɛlz,/wɛlz/,gpt-4o
wharf,wˈɔːɹf,/wɔɹf/,gpt-4o
wichita,wˈɪtʃətˌɔ,/ˈwɪtʃɪtɔ/,gpt-4o
wider,wˈaɪdɚ,/ˈwaɪdɚ/,gpt-4o
wii,wˈiː,/wiː/,gpt-4o
win,wˈɪn,/wɪn/,gpt-4o
wink,wˈɪŋk,/wɪŋk/,gpt-4o
winning,wˈɪnɪŋ,/ˈwɪnɪŋ/,gpt-4o
wins,wˈɪnz,/wɪnz/,gpt-4o
wire,wˈaɪɚ,/waɪɹ/,gpt-4o
wired,wˈaɪɚd,/waɪɚd/,gpt-4o
wires,wˈaɪɚz,/waɪɹz/,gpt-4o
witch,wˈɪtʃ,/wɪtʃ/,gpt-4o
wool,wˈʊl,The General American English phonemic transcription for 'wool' is /wʊl/.,gpt-4o
workflow,wˈɚkflˌoʊ,/ˈwɝkfloʊ/,gpt-4o
woven,wˈoʊvən,/ˈwoʊvən/,gpt-4o
yelp,jˈɛlp,/jɛlp/,gpt-4o
yemen,jˈɛmən,/ˈjɛmən/,gpt-4o
zambia,zˈæmbiə,The General American English phonemic transcription for 'Zambia' is /ˈzæmbiə/.,gpt-4o
zip,zˈɪp,/zɪp/,gpt-4o
zodiac,zˈoʊdiˌæk,/ˈzoʊdiˌæk/,gpt-4o
